Unnamed: 0;Nome da Instituição;Código do Curso de Graduação;Nome do Curso de Graduação;Quantia de Bolsas;Quantidade de Ingressantes no Curso;Percentual de Bolsas;Taxa de Desistência Acumulada - TODA;Nome da Grande Área do Curso segundo a classificação CINE BRASIL
0;centro universitário da serra gaúcha;20710;administração;4;870;0.46;97,9;negócios, administração e direito
1;centro universitário da serra gaúcha;87550;ciências contábeis;7;119;5.88;84,9;negócios, administração e direito
2;centro universitário da serra gaúcha;95914;design;6;223;2.69;79,8;artes e humanidades
3;centro universitário da serra gaúcha;67977;direito;3;205;1.46;87,8;negócios, administração e direito
4;centro universitário da serra gaúcha;50265;educação física;4;202;1.98;78,4;educação
5;centro universitário da serra gaúcha;75671;fisioterapia;2;100;2.0;85;saúde e bem-estar
6;centro universitário da serra gaúcha;81050;psicologia;11;232;4.74;92,7;ciências sociais, comunicação e informação
7;centro universitário metodista;74816;administração;39;45;86.67;13,3;negócios, administração e direito
8;centro universitário metodista;115700;análise e desenvolvimento de sistemas;4;22;18.18;9,1;computação e tecnologias da informação e comunicação (tic)
9;centro universitário metodista;91286;arquitetura e urbanismo;1;33;3.03;15,2;engenharia, produção e construção
10;centro universitário metodista;75703;biomedicina;7;64;10.94;25;saúde e bem-estar
11;centro universitário metodista;75713;ciências biológicas;9;23;39.13;4,3;educação
12;centro universitário metodista;75715;ciências contábeis;12;55;21.82;23,6;negócios, administração e direito
13;centro universitário metodista;75726;comunicação social - publicidade e propaganda;14;67;20.9;4,5;negócios, administração e direito
14;centro universitário metodista;115698;design de interiores;11;80;13.75;10;artes e humanidades
15;centro universitário metodista;96751;design de moda;10;48;20.83;10,4;artes e humanidades
16;centro universitário metodista;56442;direito;22;142;15.49;16,9;negócios, administração e direito
17;centro universitário metodista;83938;educação física;32;216;14.81;14,1;saúde e bem-estar
18;centro universitário metodista;75705;enfermagem;9;148;6.08;9,5;saúde e bem-estar
19;centro universitário metodista;91288;engenharia civil;6;59;10.17;13,6;engenharia, produção e construção
20;centro universitário metodista;91290;engenharia de produção;5;37;13.51;21,6;engenharia, produção e construção
21;centro universitário metodista;75717;farmácia;8;58;13.79;37,9;saúde e bem-estar
22;centro universitário metodista;75730;filosofia;2;13;15.38;84,6;educação
23;centro universitário metodista;9018;fisioterapia;29;173;16.76;16,9;saúde e bem-estar
24;centro universitário metodista;15763;fonoaudiologia;1;13;7.69;7,7;saúde e bem-estar
25;centro universitário metodista;87977;jornalismo;10;40;25.0;7,5;ciências sociais, comunicação e informação
26;centro universitário metodista;83945;música;7;95;7.37;4,2;educação
27;centro universitário metodista;15762;nutrição;14;67;20.9;9;saúde e bem-estar
28;centro universitário metodista;75724;pedagogia;11;33;33.33;21,2;educação
29;centro universitário metodista;110300;psicologia;4;81;4.94;12,3;ciências sociais, comunicação e informação
30;centro universitário metodista;75728;serviço social;12;33;36.36;51,5;saúde e bem-estar
31;centro universitário metodista;9017;terapia ocupacional;2;11;18.18;0;saúde e bem-estar
32;centro universitário metodista;21309;turismo;12;36;33.33;16,7;serviços
33;centro universitário uniftec;60168;análise e desenvolvimento de sistemas;5;120;4.17;74,2;computação e tecnologias da informação e comunicação (tic)
34;centro universitário uniftec;110216;comunicação institucional;2;4;50.0;100;negócios, administração e direito
35;centro universitário uniftec;101157;comércio exterior;6;47;12.77;61,7;negócios, administração e direito
36;centro universitário uniftec;122384;design de produto;4;49;8.16;73,5;artes e humanidades
37;centro universitário uniftec;119335;engenharia de computação;9;80;11.25;86,3;engenharia, produção e construção
38;centro universitário uniftec;119339;engenharia de produção;9;142;6.34;80,3;engenharia, produção e construção
39;centro universitário uniftec;104048;gestão comercial;1;85;1.18;76,5;negócios, administração e direito
40;centro universitário uniftec;102103;gestão da qualidade;5;93;5.38;68,8;negócios, administração e direito
41;centro universitário uniftec;75921;gestão da tecnologia da informação;2;55;3.64;61,8;computação e tecnologias da informação e comunicação (tic)
42;centro universitário uniftec;101151;gestão de recursos humanos;6;126;4.76;62,7;negócios, administração e direito
43;centro universitário uniftec;101192;gestão financeira;2;56;3.57;75;negócios, administração e direito
44;centro universitário uniftec;107984;logística;3;106;2.83;63,2;negócios, administração e direito
45;centro universitário uniftec;101155;marketing;5;65;7.69;73,8;negócios, administração e direito
46;centro universitário uniftec;75917;redes de computadores;6;67;8.96;71,6;computação e tecnologias da informação e comunicação (tic)
47;faculdade anglicana de erechim;103860;administração;11;32;34.38;46,9;negócios, administração e direito
48;faculdade anglicana de erechim;97206;análise e desenvolvimento de sistemas;8;28;28.57;64,3;computação e tecnologias da informação e comunicação (tic)
49;faculdade anglicana de erechim;101255;design;7;12;58.33;100;artes e humanidades
50;faculdade anglicana de erechim;101287;pedagogia;11;22;50.0;45,5;educação
51;faculdade anhanguera de caxias do sul;115184;administração;17;86;19.77;67,4;negócios, administração e direito
52;faculdade anhanguera de caxias do sul;117521;ciências contábeis;17;28;60.71;46,4;negócios, administração e direito
53;faculdade anhanguera de caxias do sul;117524;serviço social;15;41;36.59;56,1;saúde e bem-estar
54;faculdade anhanguera de passo fundo;48455;administração;66;178;37.08;53,9;negócios, administração e direito
55;faculdade anhanguera de passo fundo;68178;ciências contábeis;22;66;33.33;43,9;negócios, administração e direito
56;faculdade anhanguera de passo fundo;66395;direito;35;182;19.23;48,4;negócios, administração e direito
57;faculdade anhanguera de passo fundo;104042;gestão comercial;10;61;16.39;18;negócios, administração e direito
58;faculdade anhanguera de passo fundo;104116;gestão da tecnologia da informação;7;31;22.58;32,3;computação e tecnologias da informação e comunicação (tic)
59;faculdade anhanguera de passo fundo;104564;gestão financeira;9;28;32.14;35,7;negócios, administração e direito
60;faculdade anhanguera de pelotas;59316;administração;63;205;30.73;56,6;negócios, administração e direito
61;faculdade anhanguera de pelotas;105959;ciências biológicas;16;53;30.19;22,6;educação
62;faculdade anhanguera de pelotas;86408;direito;34;240;14.17;45,8;negócios, administração e direito
63;faculdade anhanguera de pelotas;98728;educação física;27;203;13.3;24,1;educação
64;faculdade anhanguera de pelotas;98723;enfermagem;32;167;19.16;47,3;saúde e bem-estar
65;faculdade anhanguera de pelotas;96605;gestão hospitalar;1;10;10.0;100;negócios, administração e direito
66;faculdade anhanguera do rio grande;59309;administração;50;236;21.19;58,1;negócios, administração e direito
67;faculdade anhanguera do rio grande;110654;ciências biológicas;10;18;55.56;88,9;educação
68;faculdade anhanguera do rio grande;87933;direito;65;259;25.1;48,6;negócios, administração e direito
69;faculdade anhanguera do rio grande;104382;fisioterapia;69;184;37.5;52,7;saúde e bem-estar
70;faculdade anhanguera do rio grande;99604;psicologia;24;83;28.92;55,4;ciências sociais, comunicação e informação
71;faculdade anhanguera do rio grande;96601;sistemas para internet;23;26;88.46;100;computação e tecnologias da informação e comunicação (tic)
72;faculdade cnec farroupilha;14943;administração;6;168;3.57;72;negócios, administração e direito
73;faculdade cnec farroupilha;96000;direito;2;98;2.04;87,6;negócios, administração e direito
74;faculdade cnec farroupilha;100474;pedagogia;2;71;2.82;81,7;educação
75;faculdade cnec gravataí;54552;administração;16;383;4.18;75,7;negócios, administração e direito
76;faculdade cnec gravataí;98054;ciências contábeis;9;106;8.49;71,7;negócios, administração e direito
77;faculdade cnec gravataí;104396;direito;9;162;5.56;65,4;negócios, administração e direito
78;faculdade cnec gravataí;56121;sistemas de informação;6;75;8.0;80;computação e tecnologias da informação e comunicação (tic)
79;faculdade de administração da associação brasiliense de educação;49847;administração;22;50;44.0;44;negócios, administração e direito
80;faculdade de direito de santa maria;67110;direito;10;200;5.0;69,3;negócios, administração e direito
81;faculdade de integração do ensino superior do cone sul;69253;administração;1;77;1.3;76,6;negócios, administração e direito
82;faculdade de integração do ensino superior do cone sul;119536;ciências contábeis;1;43;2.33;65,1;negócios, administração e direito
83;faculdade de integração do ensino superior do cone sul;118598;gestão comercial;2;38;5.26;63,2;negócios, administração e direito
84;faculdade de integração do ensino superior do cone sul;118600;gestão de recursos humanos;1;45;2.22;55,6;negócios, administração e direito
85;faculdade de integração do ensino superior do cone sul;95011;gestão de turismo;2;33;6.06;81,8;serviços
86;faculdade de integração do ensino superior do cone sul;95181;serviço social;3;36;8.33;94,4;saúde e bem-estar
87;faculdade de tecnologia de porto alegre;119924;análise e desenvolvimento de sistemas;3;124;2.42;79,8;computação e tecnologias da informação e comunicação (tic)
88;faculdade de tecnologia de porto alegre;119920;gestão comercial;3;107;2.8;85;negócios, administração e direito
89;faculdade de tecnologia de porto alegre;119922;processos gerenciais;3;152;1.97;84,2;negócios, administração e direito
90;faculdade de tecnologia tecbrasil - unidade novo hamburgo;122538;comércio exterior;4;23;17.39;100;negócios, administração e direito
91;faculdade de tecnologia tecbrasil - unidade novo hamburgo;122540;gestão de recursos humanos;5;43;11.63;100;negócios, administração e direito
92;faculdade de tecnologia tecbrasil - unidade novo hamburgo;122542;marketing;5;34;14.71;100;negócios, administração e direito
93;faculdade de tecnologia tecbrasil - unidade novo hamburgo;122544;processos gerenciais;5;59;8.47;100;negócios, administração e direito
94;faculdade dom bosco de porto alegre;57908;administração;15;113;13.27;68,1;negócios, administração e direito
95;faculdade dom bosco de porto alegre;59091;ciências contábeis;7;62;11.29;67,2;negócios, administração e direito
96;faculdade dom bosco de porto alegre;106816;direito;5;133;3.76;67,7;negócios, administração e direito
97;faculdade dom bosco de porto alegre;86449;engenharia ambiental e sanitária;1;43;2.33;81,4;engenharia, produção e construção
98;faculdade dom bosco de porto alegre;57906;sistemas de informação;8;46;17.39;71,7;computação e tecnologias da informação e comunicação (tic)
99;faculdade ecoar;113935;gestão ambiental;3;23;13.04;60,9;engenharia, produção e construção
100;faculdade equipe;57110;administração;3;73;4.11;84,9;negócios, administração e direito
101;faculdade especializada na área de saúde do rio grande do sul;1024230;odontologia;6;84;7.14;32,1;saúde e bem-estar
102;faculdade fae sévigné porto alegre;110424;análise e desenvolvimento de sistemas;3;23;13.04;95,7;computação e tecnologias da informação e comunicação (tic)
103;faculdade fae sévigné porto alegre;112420;gestão de recursos humanos;4;51;7.84;72,5;negócios, administração e direito
104;faculdade fae sévigné porto alegre;112428;gestão financeira;3;22;13.64;77,3;negócios, administração e direito
105;faculdade fae sévigné porto alegre;98147;pedagogia;3;37;8.11;100;educação
106;faculdade horizontina;74249;engenharia de produção;8;63;12.7;69,8;engenharia, produção e construção
107;faculdade horizontina;48113;engenharia mecânica;6;70;8.57;46,4;engenharia, produção e construção
108;faculdade inedi;79482;administração;37;301;12.29;40,3;negócios, administração e direito
109;faculdade inedi;79480;ciências contábeis;12;193;6.22;75,1;negócios, administração e direito
110;faculdade inedi;107082;pedagogia;18;203;8.87;79,3;educação
111;faculdade inedi;5000002;psicologia;18;239;7.53;74,5;ciências sociais, comunicação e informação
112;faculdade integrada de santa maria;67609;administração;27;78;34.62;64,1;negócios, administração e direito
113;faculdade integrada de santa maria;67569;enfermagem;25;82;30.49;70,7;saúde e bem-estar
114;faculdade integrada de santa maria;96094;psicologia;19;51;37.25;74,5;ciências sociais, comunicação e informação
115;faculdade meridional;97081;administração;6;118;5.08;67,8;negócios, administração e direito
116;faculdade meridional;122796;arquitetura e urbanismo;12;195;6.15;53,3;engenharia, produção e construção
117;faculdade meridional;80299;direito;24;314;7.64;51,3;negócios, administração e direito
118;faculdade meridional;101182;gestão pública;3;11;27.27;63,6;negócios, administração e direito
119;faculdade meridional;122802;odontologia;3;68;4.41;69,1;saúde e bem-estar
120;faculdade meridional;98065;psicologia;2;151;1.32;38,4;ciências sociais, comunicação e informação
121;faculdade meridional;96855;sistema de informação;5;62;8.06;67,7;computação e tecnologias da informação e comunicação (tic)
122;faculdade monteiro lobato;68356;administração;25;141;17.73;77,3;negócios, administração e direito
123;faculdade monteiro lobato;68358;ciências contábeis;2;39;5.13;76,9;negócios, administração e direito
124;faculdade monteiro lobato;115394;gestão ambiental;2;26;7.69;88,5;engenharia, produção e construção
125;faculdade novo hamburgo;101454;administração;3;42;7.14;61,9;negócios, administração e direito
126;faculdade novo hamburgo;119946;redes de computadores;2;21;9.52;75;computação e tecnologias da informação e comunicação (tic)
127;faculdade são francisco de assis;67774;administração;12;509;2.36;84,6;negócios, administração e direito
128;faculdade são francisco de assis;67776;ciências contábeis;2;247;0.81;68,8;negócios, administração e direito
129;faculdade três de maio;6741;administração;8;79;10.13;35,4;negócios, administração e direito
130;faculdade três de maio;119212;agronomia;3;43;6.98;39,5;agricultura, silvicultura, pesca e veterinária
131;faculdade três de maio;45559;enfermagem;3;48;6.25;18,8;saúde e bem-estar
132;faculdade três de maio;68980;engenharia de produção;3;29;10.34;51,7;engenharia, produção e construção
133;faculdade três de maio;32470;pedagogia;3;21;14.29;38,1;educação
134;faculdade três de maio;104028;psicologia;2;23;8.7;30,4;ciências sociais, comunicação e informação
135;faculdade três de maio;72485;redes de computadores;5;19;26.32;31,6;computação e tecnologias da informação e comunicação (tic)
136;faculdade três de maio;20130;sistemas de informação;3;25;12.0;48;computação e tecnologias da informação e comunicação (tic)
137;faculdades est;20484;teologia;23;141;16.31;44,3;artes e humanidades
138;faculdades integradas machado de assis;18732;administração;28;116;24.14;48,3;negócios, administração e direito
139;faculdades integradas machado de assis;8901;ciências contábeis;17;137;12.41;40,9;negócios, administração e direito
140;faculdades integradas machado de assis;96010;direito;18;164;10.98;37,8;negócios, administração e direito
141;faculdades integradas machado de assis;73453;serviço social;7;33;21.21;36,4;saúde e bem-estar
142;instituto superior de educação ivoti;119032;pedagogia;5;54;9.26;57,4;educação
143;instituto superior de filosofia berthier;74493;filosofia;4;22;18.18;54,5;artes e humanidades
144;pontifícia universidade católica do rio grande do sul;88923;administração;56;478;11.72;48,7;negócios, administração e direito
145;pontifícia universidade católica do rio grande do sul;18056;arquitetura e urbanismo;10;139;7.19;59,7;engenharia, produção e construção
146;pontifícia universidade católica do rio grande do sul;1904;ciência da computação;12;144;8.33;74,3;computação e tecnologias da informação e comunicação (tic)
147;pontifícia universidade católica do rio grande do sul;1923;ciências aeronáuticas;1;65;1.54;24,6;serviços
148;pontifícia universidade católica do rio grande do sul;1905;ciências biológicas;8;168;4.76;92,9;educação
149;pontifícia universidade católica do rio grande do sul;88932;ciências contábeis;17;103;16.5;48,5;negócios, administração e direito
150;pontifícia universidade católica do rio grande do sul;1890;ciências econômicas;16;93;17.2;51,6;ciências sociais, comunicação e informação
151;pontifícia universidade católica do rio grande do sul;1888;direito;94;1100;8.55;35,7;negócios, administração e direito
152;pontifícia universidade católica do rio grande do sul;39514;educação física;34;191;17.8;66,7;educação
153;pontifícia universidade católica do rio grande do sul;56702;engenharia de computação;7;77;9.09;72,7;computação e tecnologias da informação e comunicação (tic)
154;pontifícia universidade católica do rio grande do sul;1925;engenharia de controle e automação;10;81;12.35;67,9;engenharia, produção e construção
155;pontifícia universidade católica do rio grande do sul;116150;engenharia elétrica e eletrônica;13;22;59.09;100;engenharia, produção e construção
156;pontifícia universidade católica do rio grande do sul;1881;filosofia;2;91;2.2;93,1;educação
157;pontifícia universidade católica do rio grande do sul;1107916;gestão de turismo;19;80;23.75;53,8;serviços
158;pontifícia universidade católica do rio grande do sul;102728;história;14;117;11.97;94,1;educação
159;pontifícia universidade católica do rio grande do sul;1107917;hotelaria;20;67;29.85;56,7;serviços
160;pontifícia universidade católica do rio grande do sul;27508;jornalismo;10;162;6.17;35,8;ciências sociais, comunicação e informação
161;pontifícia universidade católica do rio grande do sul;1879;medicina;4;81;4.94;3,8;saúde e bem-estar
162;pontifícia universidade católica do rio grande do sul;56696;nutrição;1;59;1.69;25,4;saúde e bem-estar
163;pontifícia universidade católica do rio grande do sul;1883;odontologia;5;77;6.49;22,1;saúde e bem-estar
164;pontifícia universidade católica do rio grande do sul;1882;pedagogia;15;114;13.16;44,2;educação
165;pontifícia universidade católica do rio grande do sul;73235;produção audiovisual;1;54;1.85;27,8;artes e humanidades
166;pontifícia universidade católica do rio grande do sul;1903;psicologia;9;318;2.83;38,7;ciências sociais, comunicação e informação
167;pontifícia universidade católica do rio grande do sul;33288;relações públicas;14;111;12.61;38,7;negócios, administração e direito
168;pontifícia universidade católica do rio grande do sul;56766;sistemas de informação;8;117;6.84;60,7;computação e tecnologias da informação e comunicação (tic)
169;pontifícia universidade católica do rio grande do sul;1880;teologia;8;28;28.57;53,6;artes e humanidades
170;universidade católica de pelotas;1517;administração;16;211;7.58;60,7;negócios, administração e direito
171;universidade católica de pelotas;1529;análise e desenvolvimento de sistemas;3;41;7.32;63,4;computação e tecnologias da informação e comunicação (tic)
172;universidade católica de pelotas;1534;arquitetura e urbanismo;4;53;7.55;41,5;engenharia, produção e construção
173;universidade católica de pelotas;1532;ciência da computação;1;16;6.25;43,8;computação e tecnologias da informação e comunicação (tic)
174;universidade católica de pelotas;1537;ciências biológicas;3;59;5.08;55,9;educação
175;universidade católica de pelotas;1523;ciências contábeis;9;35;25.71;34,3;negócios, administração e direito
176;universidade católica de pelotas;1522;ciências econômicas;3;15;20.0;53,3;ciências sociais, comunicação e informação
177;universidade católica de pelotas;103186;design de moda;5;40;12.5;27,5;artes e humanidades
178;universidade católica de pelotas;1531;direito;14;297;4.71;44,4;negócios, administração e direito
179;universidade católica de pelotas;1560;ecologia;2;17;11.76;64,7;ciências naturais, matemática e estatística
180;universidade católica de pelotas;89467;enfermagem;6;79;7.59;46,8;saúde e bem-estar
181;universidade católica de pelotas;1511;engenharia civil;4;67;5.97;52,2;engenharia, produção e construção
182;universidade católica de pelotas;1512;engenharia elétrica;5;19;26.32;78,9;engenharia, produção e construção
183;universidade católica de pelotas;42202;farmácia;1;38;2.63;16,7;saúde e bem-estar
184;universidade católica de pelotas;64838;fisioterapia;1;85;1.18;40;saúde e bem-estar
185;universidade católica de pelotas;103169;gestão de turismo;3;17;17.65;23,5;serviços
186;universidade católica de pelotas;113881;gestão hospitalar;10;63;15.87;49,2;negócios, administração e direito
187;universidade católica de pelotas;49991;jornalismo;1;23;4.35;43,5;ciências sociais, comunicação e informação
188;universidade católica de pelotas;1514;letras - português e inglês;9;38;23.68;50;educação
189;universidade católica de pelotas;1518;medicina;8;108;7.41;13;saúde e bem-estar
190;universidade católica de pelotas;1515;pedagogia;9;64;14.06;53,1;educação
191;universidade católica de pelotas;110309;produção fonográfica;5;28;17.86;42,9;artes e humanidades
192;universidade católica de pelotas;1516;psicologia;13;87;14.94;37,9;ciências sociais, comunicação e informação
193;universidade de caxias do sul;27497;administração;301;2486;12.11;100;negócios, administração e direito
194;universidade de caxias do sul;88562;agronomia;13;126;10.32;40,8;agricultura, silvicultura, pesca e veterinária
195;universidade de caxias do sul;64929;análise e desenvolvimento de sistemas;11;25;44.0;72;computação e tecnologias da informação e comunicação (tic)
196;universidade de caxias do sul;1140;arquitetura e urbanismo;17;134;12.69;69,4;engenharia, produção e construção
197;universidade de caxias do sul;1127914;automação industrial;18;95;18.95;91,6;engenharia, produção e construção
198;universidade de caxias do sul;1110;ciência da computação;28;139;20.14;83,5;computação e tecnologias da informação e comunicação (tic)
199;universidade de caxias do sul;1109;ciências biológicas;50;218;22.94;66,7;educação
200;universidade de caxias do sul;1103;ciências contábeis;139;567;24.51;51,2;negócios, administração e direito
201;universidade de caxias do sul;1104;ciências econômicas;22;100;22.0;62;ciências sociais, comunicação e informação
202;universidade de caxias do sul;24299;comunicação social - publicidade e propaganda;10;106;9.43;61,3;negócios, administração e direito
203;universidade de caxias do sul;106910;comércio internacional;30;296;10.14;53,1;negócios, administração e direito
204;universidade de caxias do sul;1105331;design;17;158;10.76;61,5;artes e humanidades
205;universidade de caxias do sul;121110;design de moda;6;165;3.64;40,6;artes e humanidades
206;universidade de caxias do sul;1101;direito;234;1261;18.56;49,8;negócios, administração e direito
207;universidade de caxias do sul;66129;educação física;13;346;3.76;68,1;educação
208;universidade de caxias do sul;1115914;eletrônica industrial;8;16;50.0;100;engenharia, produção e construção
209;universidade de caxias do sul;45693;enfermagem;44;201;21.89;65,2;saúde e bem-estar
210;universidade de caxias do sul;40404;engenharia ambiental;21;92;22.83;83,7;engenharia, produção e construção
211;universidade de caxias do sul;1105330;engenharia civil;8;141;5.67;62,4;engenharia, produção e construção
212;universidade de caxias do sul;50304;engenharia de alimentos;24;62;38.71;88,7;engenharia, produção e construção
213;universidade de caxias do sul;98118;engenharia de controle e automação;15;127;11.81;80,2;engenharia, produção e construção
214;universidade de caxias do sul;57714;engenharia de materiais;13;60;21.67;86,7;engenharia, produção e construção
215;universidade de caxias do sul;40405;engenharia de produção;41;288;14.24;73,8;engenharia, produção e construção
216;universidade de caxias do sul;1115910;engenharia eletrônica;3;26;11.54;96,2;engenharia, produção e construção
217;universidade de caxias do sul;57706;engenharia elétrica;16;116;13.79;81,9;engenharia, produção e construção
218;universidade de caxias do sul;22642;engenharia mecânica;30;416;7.21;72,3;engenharia, produção e construção
219;universidade de caxias do sul;26065;engenharia química;10;122;8.2;62,3;engenharia, produção e construção
220;universidade de caxias do sul;70604;farmácia;24;79;30.38;62;saúde e bem-estar
221;universidade de caxias do sul;45735;filosofia;19;54;35.19;67,9;educação
222;universidade de caxias do sul;50302;fisioterapia;19;118;16.1;58,5;saúde e bem-estar
223;universidade de caxias do sul;1116795;fotografia;8;31;25.81;77,4;artes e humanidades
224;universidade de caxias do sul;1116798;gestão comercial;7;31;22.58;64,5;negócios, administração e direito
225;universidade de caxias do sul;1115906;gestão de recursos humanos;8;38;21.05;71,1;negócios, administração e direito
226;universidade de caxias do sul;1116797;gestão financeira;10;34;29.41;64,7;negócios, administração e direito
227;universidade de caxias do sul;1095;história;33;93;35.48;52,7;educação
228;universidade de caxias do sul;29730;letras - inglês;6;43;13.95;65,1;educação
229;universidade de caxias do sul;25674;letras - língua portuguesa;26;101;25.74;53,3;educação
230;universidade de caxias do sul;1117530;marketing;9;26;34.62;65,4;negócios, administração e direito
231;universidade de caxias do sul;1112;matemática;14;45;31.11;73,3;educação
232;universidade de caxias do sul;1107;medicina;11;82;13.41;7,3;saúde e bem-estar
233;universidade de caxias do sul;72777;nutrição;15;104;14.42;55,8;saúde e bem-estar
234;universidade de caxias do sul;24396;pedagogia;52;248;20.97;40;educação
235;universidade de caxias do sul;1115907;processos gerenciais;2;19;10.53;63,2;negócios, administração e direito
236;universidade de caxias do sul;29733;psicologia;21;175;12.0;60,6;ciências sociais, comunicação e informação
237;universidade de caxias do sul;1105571;secretariado;2;26;7.69;53,8;negócios, administração e direito
238;universidade de caxias do sul;1098;serviço social;17;76;22.37;57,9;saúde e bem-estar
239;universidade de caxias do sul;50298;sistemas de informação;34;140;24.29;60,9;computação e tecnologias da informação e comunicação (tic)
240;universidade de caxias do sul;1115909;sociologia;10;22;45.45;81,8;educação
241;universidade de caxias do sul;75926;tecnologias digitais;7;48;14.58;93,8;computação e tecnologias da informação e comunicação (tic)
242;universidade de caxias do sul;1130;turismo;18;48;37.5;40;serviços
243;universidade de cruz alta;9229;administração;4;70;5.71;65,7;negócios, administração e direito
244;universidade de cruz alta;18051;arquitetura e urbanismo;3;39;7.69;61,5;engenharia, produção e construção
245;universidade de cruz alta;69109;biomedicina;5;24;20.83;54,2;saúde e bem-estar
246;universidade de cruz alta;20966;ciência da computação;2;20;10.0;75;computação e tecnologias da informação e comunicação (tic)
247;universidade de cruz alta;9236;ciências contábeis;5;34;14.71;67,6;negócios, administração e direito
248;universidade de cruz alta;9227;direito;16;138;11.59;58;negócios, administração e direito
249;universidade de cruz alta;9225;educação física;6;24;25.0;75;educação
250;universidade de cruz alta;18052;enfermagem;5;29;17.24;41,4;saúde e bem-estar
251;universidade de cruz alta;112062;estética e cosmética;2;33;6.06;45,5;serviços
252;universidade de cruz alta;18053;farmácia;9;18;50.0;61,1;saúde e bem-estar
253;universidade de cruz alta;9226;fisioterapia;3;22;13.64;50;saúde e bem-estar
254;universidade de cruz alta;9240;jornalismo;6;24;25.0;100;ciências sociais, comunicação e informação
255;universidade de cruz alta;19005;medicina veterinária;14;119;11.76;64,7;agricultura, silvicultura, pesca e veterinária
256;universidade de cruz alta;9238;pedagogia;17;58;29.31;26,2;educação
257;universidade de passo fundo;1729;administração;236;536;44.03;60,2;negócios, administração e direito
258;universidade de passo fundo;1728;agronomia;33;72;45.83;59,7;agricultura, silvicultura, pesca e veterinária
259;universidade de passo fundo;98361;análise e desenvolvimento de sistemas;36;46;78.26;71;computação e tecnologias da informação e comunicação (tic)
260;universidade de passo fundo;1786;arquitetura e urbanismo;29;80;36.25;38,8;engenharia, produção e construção
261;universidade de passo fundo;88502;artes visuais;7;9;77.78;33,3;educação
262;universidade de passo fundo;1721;ciência da computação;37;57;64.91;65,4;computação e tecnologias da informação e comunicação (tic)
263;universidade de passo fundo;66005;ciências biológicas;15;56;26.79;54,5;ciências naturais, matemática e estatística
264;universidade de passo fundo;1734;ciências contábeis;164;282;58.16;49,5;negócios, administração e direito
266;universidade de passo fundo;115484;design de moda;14;40;35.0;32,5;artes e humanidades
267;universidade de passo fundo;111744;design gráfico;6;27;22.22;66,7;artes e humanidades
268;universidade de passo fundo;1736;direito;180;418;43.06;61,4;negócios, administração e direito
269;universidade de passo fundo;1724;educação física;45;110;40.91;58,6;educação
270;universidade de passo fundo;1727;enfermagem;18;47;38.3;31,9;saúde e bem-estar
271;universidade de passo fundo;1748;engenharia civil;11;156;7.05;50,6;engenharia, produção e construção
272;universidade de passo fundo;20948;engenharia de alimentos;1;50;2.0;66;engenharia, produção e construção
273;universidade de passo fundo;1109501;engenharia elétrica;10;98;10.2;64,9;engenharia, produção e construção
274;universidade de passo fundo;1718;engenharia mecânica;23;142;16.2;60,6;engenharia, produção e construção
275;universidade de passo fundo;115482;estética e cosmética;46;102;45.1;39,2;serviços
276;universidade de passo fundo;111740;fabricação mecânica;14;22;63.64;77,3;engenharia, produção e construção
277;universidade de passo fundo;18483;farmácia;15;53;28.3;40,5;saúde e bem-estar
278;universidade de passo fundo;20949;fisioterapia;2;79;2.53;44,3;saúde e bem-estar
279;universidade de passo fundo;64832;fonoaudiologia;15;53;28.3;22,6;saúde e bem-estar
281;universidade de passo fundo;1716;geografia;1;4;25.0;25;educação
282;universidade de passo fundo;1107869;gestão comercial;20;41;48.78;31,7;negócios, administração e direito
283;universidade de passo fundo;115500;gestão de recursos humanos;5;24;20.83;54,2;negócios, administração e direito
284;universidade de passo fundo;1740;história;16;38;42.11;68,4;educação
285;universidade de passo fundo;29604;jornalismo;31;42;73.81;52,4;ciências sociais, comunicação e informação
286;universidade de passo fundo;88496;letras - português e espanhol;20;72;27.78;67,9;educação
287;universidade de passo fundo;115512;logística;19;33;57.58;60,6;negócios, administração e direito
288;universidade de passo fundo;1717;matemática;27;36;75.0;80,6;educação
289;universidade de passo fundo;1725;medicina;6;133;4.51;27,1;saúde e bem-estar
290;universidade de passo fundo;18484;medicina veterinária;3;85;3.53;36,5;agricultura, silvicultura, pesca e veterinária
291;universidade de passo fundo;1750;música;6;13;46.15;76,9;educação
292;universidade de passo fundo;64836;nutrição;20;28;71.43;53,6;saúde e bem-estar
293;universidade de passo fundo;1726;odontologia;7;74;9.46;33,8;saúde e bem-estar
294;universidade de passo fundo;1741;pedagogia;71;191;37.17;40,6;educação
295;universidade de passo fundo;47663;psicologia;31;139;22.3;49,6;ciências sociais, comunicação e informação
296;universidade de passo fundo;57548;química;38;64;59.38;57,5;ciências naturais, matemática e estatística
298;universidade de passo fundo;73298;serviço social;25;25;100.0;52;saúde e bem-estar
299;universidade de passo fundo;111736;sistemas para internet;7;28;25.0;82,1;computação e tecnologias da informação e comunicação (tic)
300;universidade de santa cruz do sul;6749;administração;25;389;6.43;55,7;negócios, administração e direito
301;universidade de santa cruz do sul;20107;arquitetura e urbanismo;5;60;8.33;66,7;engenharia, produção e construção
302;universidade de santa cruz do sul;6756;ciência da computação;5;113;4.42;55,8;computação e tecnologias da informação e comunicação (tic)
303;universidade de santa cruz do sul;29951;ciências biológicas;2;46;4.35;83,3;educação
304;universidade de santa cruz do sul;6748;ciências contábeis;20;186;10.75;46,7;negócios, administração e direito
305;universidade de santa cruz do sul;20109;computação;2;40;5.0;80;educação
306;universidade de santa cruz do sul;33495;comunicação social - publicidade e propaganda;3;68;4.41;79,4;negócios, administração e direito
307;universidade de santa cruz do sul;55270;comunicação social -radialismo - produção em mídia audiovisual;5;43;11.63;62,8;ciências sociais, comunicação e informação
308;universidade de santa cruz do sul;6743;direito;34;487;6.98;52;negócios, administração e direito
309;universidade de santa cruz do sul;6747;educação física;10;151;6.62;66,2;educação
310;universidade de santa cruz do sul;64474;enfermagem;12;137;8.76;49,6;saúde e bem-estar
311;universidade de santa cruz do sul;6760;engenharia agrícola;1;37;2.7;67,6;agricultura, silvicultura, pesca e veterinária
312;universidade de santa cruz do sul;89750;engenharia ambiental;5;71;7.04;77,5;engenharia, produção e construção
313;universidade de santa cruz do sul;98294;engenharia civil;10;99;10.1;45,5;engenharia, produção e construção
314;universidade de santa cruz do sul;75235;engenharia de computação;3;30;10.0;80;computação e tecnologias da informação e comunicação (tic)
315;universidade de santa cruz do sul;64478;engenharia de produção;9;101;8.91;70,3;engenharia, produção e construção
316;universidade de santa cruz do sul;114666;engenharia elétrica;6;47;12.77;63,8;engenharia, produção e construção
317;universidade de santa cruz do sul;75242;engenharia mecânica;15;98;15.31;63,9;engenharia, produção e construção
318;universidade de santa cruz do sul;111306;estética e cosmética;4;41;9.76;31,7;serviços
319;universidade de santa cruz do sul;38525;farmácia;9;82;10.98;51,2;saúde e bem-estar
320;universidade de santa cruz do sul;19003;fisioterapia;12;86;13.95;61,6;saúde e bem-estar
321;universidade de santa cruz do sul;102762;gastronomia;1;33;3.03;21,2;serviços
322;universidade de santa cruz do sul;27572;jornalismo;6;55;10.91;63,6;ciências sociais, comunicação e informação
323;universidade de santa cruz do sul;55316;letras - inglês;2;31;6.45;64,5;educação
324;universidade de santa cruz do sul;6754;matemática;3;24;12.5;50;educação
325;universidade de santa cruz do sul;91399;medicina;10;66;15.15;6,1;saúde e bem-estar
326;universidade de santa cruz do sul;20108;nutrição;7;43;16.28;37,2;saúde e bem-estar
327;universidade de santa cruz do sul;19004;odontologia;7;55;12.73;27,3;saúde e bem-estar
328;universidade de santa cruz do sul;6750;pedagogia;8;154;5.19;45,5;educação
329;universidade de santa cruz do sul;6757;psicologia;11;148;7.43;63,6;ciências sociais, comunicação e informação
330;universidade de santa cruz do sul;114668;relações internacionais;7;56;12.5;62,5;ciências sociais, comunicação e informação
331;universidade do vale do rio dos sinos;96103;administração;305;1057;28.86;77,3;negócios, administração e direito
332;universidade do vale do rio dos sinos;90237;análise e desenvolvimento de sistemas;36;228;15.79;76,8;computação e tecnologias da informação e comunicação (tic)
333;universidade do vale do rio dos sinos;1237;arquitetura e urbanismo;79;400;19.75;66;engenharia, produção e construção
334;universidade do vale do rio dos sinos;57702;ciência da computação;38;208;18.27;85,6;computação e tecnologias da informação e comunicação (tic)
335;universidade do vale do rio dos sinos;38429;ciências biológicas;23;252;9.13;73,7;educação
336;universidade do vale do rio dos sinos;1233;ciências contábeis;53;226;23.45;68,6;negócios, administração e direito
337;universidade do vale do rio dos sinos;1232;ciências econômicas;20;97;20.62;62,9;ciências sociais, comunicação e informação
338;universidade do vale do rio dos sinos;1224;ciências sociais;2;29;6.9;79,3;educação
339;universidade do vale do rio dos sinos;72462;comunicação social - comunicação digital;8;26;30.77;50;artes e humanidades
340;universidade do vale do rio dos sinos;64819;comunicação social - habilitação realização audiovisual;1;28;3.57;39,3;artes e humanidades
341;universidade do vale do rio dos sinos;22932;comunicação social - publicidade e propaganda;61;266;22.93;71,7;negócios, administração e direito
342;universidade do vale do rio dos sinos;98398;design;4;37;10.81;70,3;artes e humanidades
343;universidade do vale do rio dos sinos;1230;direito;263;960;27.4;67,1;negócios, administração e direito
344;universidade do vale do rio dos sinos;1253;educação física;22;304;7.24;72,9;educação
345;universidade do vale do rio dos sinos;1225;enfermagem;51;238;21.43;74,4;saúde e bem-estar
346;universidade do vale do rio dos sinos;1114767;engenharia ambiental;10;129;7.75;81,4;engenharia, produção e construção
347;universidade do vale do rio dos sinos;32842;engenharia civil;39;351;11.11;70;engenharia, produção e construção
348;universidade do vale do rio dos sinos;64822;engenharia da computação;6;40;15.0;75;engenharia, produção e construção
349;universidade do vale do rio dos sinos;29738;engenharia de alimentos;17;69;24.64;87;engenharia, produção e construção
350;universidade do vale do rio dos sinos;1114857;engenharia de controle e automação;9;96;9.38;95,8;engenharia, produção e construção
351;universidade do vale do rio dos sinos;1114784;engenharia de energia;7;52;13.46;88,5;engenharia, produção e construção
352;universidade do vale do rio dos sinos;31419;engenharia de produção;38;316;12.03;79,7;engenharia, produção e construção
353;universidade do vale do rio dos sinos;26073;engenharia elétrica;33;228;14.47;78,9;engenharia, produção e construção
354;universidade do vale do rio dos sinos;29595;engenharia mecânica;53;416;12.74;81,3;engenharia, produção e construção
355;universidade do vale do rio dos sinos;116200;farmácia;14;107;13.08;69,2;saúde e bem-estar
356;universidade do vale do rio dos sinos;1223;filosofia;1;47;2.13;78,4;educação
357;universidade do vale do rio dos sinos;57728;fisioterapia;37;139;26.62;79,1;saúde e bem-estar
358;universidade do vale do rio dos sinos;38433;física;1;40;2.5;80;educação
359;universidade do vale do rio dos sinos;102859;gastronomia;9;131;6.87;45,4;serviços
360;universidade do vale do rio dos sinos;1240;geologia;16;75;21.33;72;ciências naturais, matemática e estatística
361;universidade do vale do rio dos sinos;91921;gestão ambiental;23;96;23.96;55,2;engenharia, produção e construção
362;universidade do vale do rio dos sinos;1114863;gestão comercial;4;54;7.41;59,3;negócios, administração e direito
363;universidade do vale do rio dos sinos;96105;gestão de recursos humanos;24;119;20.17;65,3;negócios, administração e direito
364;universidade do vale do rio dos sinos;102861;gestão financeira;15;103;14.56;61,2;negócios, administração e direito
365;universidade do vale do rio dos sinos;1222;história;8;102;7.84;75,5;educação
366;universidade do vale do rio dos sinos;80675;jogos digitais;19;105;18.1;86,5;computação e tecnologias da informação e comunicação (tic)
367;universidade do vale do rio dos sinos;27498;jornalismo;58;196;29.59;69,9;ciências sociais, comunicação e informação
368;universidade do vale do rio dos sinos;40720;letras - português;1;39;2.56;61,5;educação
369;universidade do vale do rio dos sinos;31044;letras - português e alemão;1;32;3.12;56,3;educação
370;universidade do vale do rio dos sinos;38439;letras - português e espanhol;1;31;3.23;74,2;educação
371;universidade do vale do rio dos sinos;29336;letras português e inglês;6;78;7.69;81,8;educação
372;universidade do vale do rio dos sinos;96107;logística;21;117;17.95;72,6;negócios, administração e direito
373;universidade do vale do rio dos sinos;38431;matemática;3;80;3.75;82,5;educação
374;universidade do vale do rio dos sinos;1227;nutrição;56;185;30.27;73;saúde e bem-estar
375;universidade do vale do rio dos sinos;112239;pedagogia;13;171;7.6;66,7;educação
376;universidade do vale do rio dos sinos;116202;processos gerenciais;11;74;14.86;59,5;negócios, administração e direito
377;universidade do vale do rio dos sinos;106617;psicologia;89;410;21.71;77,3;ciências sociais, comunicação e informação
378;universidade do vale do rio dos sinos;33262;relações públicas;25;100;25.0;74;negócios, administração e direito
379;universidade do vale do rio dos sinos;80670;segurança da informação;15;143;10.49;86;computação e tecnologias da informação e comunicação (tic)
380;universidade do vale do rio dos sinos;1242;serviço social;18;76;23.68;67,1;saúde e bem-estar
381;universidade do vale do rio dos sinos;1261;sistemas de informação;21;111;18.92;81,1;computação e tecnologias da informação e comunicação (tic)
382;universidade feevale;2081;administração;49;810;6.05;95,7;negócios, administração e direito
383;universidade feevale;41780;arquitetura e urbanismo;6;144;4.17;90,3;engenharia, produção e construção
384;universidade feevale;58330;artes visuais;3;70;4.29;89,3;educação
385;universidade feevale;39454;biomedicina;17;143;11.89;81,1;saúde e bem-estar
386;universidade feevale;2090;ciência da computação;10;92;10.87;89,1;computação e tecnologias da informação e comunicação (tic)
387;universidade feevale;58372;ciências biológicas;10;95;10.53;88,4;ciências naturais, matemática e estatística
388;universidade feevale;2082;ciências contábeis;12;227;5.29;74,4;negócios, administração e direito
389;universidade feevale;22995;comunicação social - publicidade e propaganda;5;137;3.65;82,5;negócios, administração e direito
390;universidade feevale;108356;comércio exterior;12;149;8.05;75;negócios, administração e direito
391;universidade feevale;120997;construção de edifícios;1;26;3.85;65,4;engenharia, produção e construção
392;universidade feevale;39663;design;10;147;6.8;83;artes e humanidades
393;universidade feevale;19963;direito;11;453;2.43;74,8;negócios, administração e direito
394;universidade feevale;2086;educação física;8;254;3.15;81,4;educação
395;universidade feevale;39925;enfermagem;26;234;11.11;76,1;saúde e bem-estar
396;universidade feevale;45723;engenharia de produção;11;109;10.09;89,9;engenharia, produção e construção
397;universidade feevale;39761;engenharia eletrônica;9;85;10.59;77,6;engenharia, produção e construção
398;universidade feevale;39975;farmácia;5;77;6.49;81,8;saúde e bem-estar
399;universidade feevale;2089;fisioterapia;13;144;9.03;86,8;saúde e bem-estar
400;universidade feevale;108354;gestão de recursos humanos;11;50;22.0;42;negócios, administração e direito
401;universidade feevale;120995;gestão financeira;10;125;8.0;76;negócios, administração e direito
402;universidade feevale;42194;história;13;62;20.97;83,9;educação
403;universidade feevale;108352;jogos digitais;5;59;8.47;86,4;computação e tecnologias da informação e comunicação (tic)
404;universidade feevale;45722;jornalismo;7;94;7.45;84;ciências sociais, comunicação e informação
405;universidade feevale;58205;letras - português e inglês;12;68;17.65;76,5;educação
406;universidade feevale;58490;moda;29;266;10.9;77,8;artes e humanidades
407;universidade feevale;39745;nutrição;8;82;9.76;78;saúde e bem-estar
408;universidade feevale;2085;pedagogia;6;129;4.65;87,6;educação
409;universidade feevale;53370;psicologia;14;163;8.59;85,9;ciências sociais, comunicação e informação
410;universidade feevale;39749;quiropraxia;9;48;18.75;70,8;saúde e bem-estar
411;universidade feevale;31445;relações públicas;8;67;11.94;88,1;negócios, administração e direito
412;universidade feevale;58498;sistemas de informação;7;82;8.54;89;computação e tecnologias da informação e comunicação (tic)
413;universidade feevale;108358;sistemas para internet;8;71;11.27;52,1;computação e tecnologias da informação e comunicação (tic)
414;universidade feevale;41161;turismo;8;69;11.59;88,4;serviços
415;universidade luterana do brasil;8490;administração;125;3172;3.94;85,9;negócios, administração e direito
416;universidade luterana do brasil;115770;agronegócio;5;63;7.94;61,9;agricultura, silvicultura, pesca e veterinária
417;universidade luterana do brasil;94183;agronomia;2;213;0.94;95,3;agricultura, silvicultura, pesca e veterinária
418;universidade luterana do brasil;68029;análise e desenvolvimento de sistemas;2;170;1.18;87,1;computação e tecnologias da informação e comunicação (tic)
419;universidade luterana do brasil;66503;artes visuais;5;142;3.52;79,6;educação
420;universidade luterana do brasil;65549;automação industrial;3;215;1.4;91,2;engenharia, produção e construção
421;universidade luterana do brasil;65092;biomedicina;1;339;0.29;68,2;saúde e bem-estar
422;universidade luterana do brasil;33566;ciências biológicas;17;754;2.25;84,6;educação
423;universidade luterana do brasil;9274;ciências contábeis;4;200;2.0;90,6;negócios, administração e direito
424;universidade luterana do brasil;9322;ciências políticas;2;52;3.85;96,2;ciências sociais, comunicação e informação
425;universidade luterana do brasil;26396;comunicação social - publicidade e propaganda;1;148;0.68;92,6;negócios, administração e direito
426;universidade luterana do brasil;23575;comunicação social - relações públicas;4;54;7.41;83,3;negócios, administração e direito
427;universidade luterana do brasil;65543;comércio exterior;2;61;3.28;93,4;negócios, administração e direito
428;universidade luterana do brasil;99745;dança;4;133;3.01;60;artes e humanidades
429;universidade luterana do brasil;69206;design de interiores;1;159;0.63;81,6;artes e humanidades
430;universidade luterana do brasil;112316;design de moda;2;104;1.92;66,7;artes e humanidades
431;universidade luterana do brasil;100068;design gráfico;3;114;2.63;92,1;artes e humanidades
432;universidade luterana do brasil;9292;direito;4;2740;0.15;86,4;negócios, administração e direito
433;universidade luterana do brasil;8483;educação física;46;2143;2.15;92,2;educação
434;universidade luterana do brasil;9278;enfermagem;7;884;0.79;80,3;saúde e bem-estar
435;universidade luterana do brasil;9287;engenharia civil;2;302;0.66;79,8;engenharia, produção e construção
436;universidade luterana do brasil;115774;engenharia de produção;10;213;4.69;87,5;engenharia, produção e construção
437;universidade luterana do brasil;60280;engenharia mecânica automotiva;1;245;0.41;91;engenharia, produção e construção
438;universidade luterana do brasil;70867;estética e cosmética;5;517;0.97;86,2;serviços
439;universidade luterana do brasil;9309;fisioterapia;13;614;2.12;86,5;saúde e bem-estar
440;universidade luterana do brasil;65571;fotografia;1;146;0.68;83,6;artes e humanidades
441;universidade luterana do brasil;59566;física;3;119;2.52;95;educação
442;universidade luterana do brasil;9293;geografia;1;113;0.88;80,2;educação
443;universidade luterana do brasil;102926;gestão ambiental;1;116;0.86;90,4;engenharia, produção e construção
444;universidade luterana do brasil;65577;gestão comercial;3;95;3.16;94,7;negócios, administração e direito
445;universidade luterana do brasil;119908;gestão da produção industrial;5;74;6.76;78,4;engenharia, produção e construção
446;universidade luterana do brasil;65573;gestão de recursos humanos;2;336;0.6;90,8;negócios, administração e direito
447;universidade luterana do brasil;65501;gestão de segurança privada;3;81;3.7;92,6;serviços
448;universidade luterana do brasil;65547;gestão financeira;23;51;45.1;96,1;negócios, administração e direito
449;universidade luterana do brasil;9289;história;10;425;2.35;81,1;educação
450;universidade luterana do brasil;32941;letras - português;10;307;3.26;86;educação
451;universidade luterana do brasil;69202;marketing;5;152;3.29;92,1;negócios, administração e direito
452;universidade luterana do brasil;27598;matemática;5;399;1.25;77,8;educação
453;universidade luterana do brasil;9326;medicina;6;255;2.35;53,3;saúde e bem-estar
455;universidade luterana do brasil;9290;odontologia;1;524;0.19;57,7;saúde e bem-estar
456;universidade luterana do brasil;8488;pedagogia;545;1706;31.95;67,5;educação
457;universidade luterana do brasil;113542;processos gerenciais;2;93;2.15;78,5;negócios, administração e direito
458;universidade luterana do brasil;101576;produção audiovisual;1;47;2.13;85,1;artes e humanidades
459;universidade luterana do brasil;26391;psicologia;4;1362;0.29;95,1;ciências sociais, comunicação e informação
460;universidade luterana do brasil;66507;química;7;97;7.22;88,7;educação
461;universidade luterana do brasil;66518;radiologia;2;61;3.28;90,2;saúde e bem-estar
462;universidade luterana do brasil;65565;redes de computadores;2;210;0.95;91,9;computação e tecnologias da informação e comunicação (tic)
463;universidade luterana do brasil;9276;serviço social;13;417;3.12;93,9;saúde e bem-estar
464;universidade luterana do brasil;20971;sistemas de informação;5;646;0.77;100;computação e tecnologias da informação e comunicação (tic)
465;universidade luterana do brasil;9318;teologia;5;111;4.5;57,7;artes e humanidades
466;universidade regional do noroeste do estado do rio grande do sul;10965;administração;59;409;14.43;72,7;negócios, administração e direito
467;universidade regional do noroeste do estado do rio grande do sul;10975;agronomia;18;93;19.35;64,5;agricultura, silvicultura, pesca e veterinária
468;universidade regional do noroeste do estado do rio grande do sul;110974;ciência da computação;38;147;25.85;75,3;computação e tecnologias da informação e comunicação (tic)
469;universidade regional do noroeste do estado do rio grande do sul;64194;ciências biológicas;5;78;6.41;75,6;educação
470;universidade regional do noroeste do estado do rio grande do sul;10966;ciências contábeis;16;110;14.55;55,5;negócios, administração e direito
471;universidade regional do noroeste do estado do rio grande do sul;40948;ciências econômicas;9;33;27.27;69,7;ciências sociais, comunicação e informação
472;universidade regional do noroeste do estado do rio grande do sul;31822;comunicação social - publicidade e propaganda;1;29;3.45;69;negócios, administração e direito
473;universidade regional do noroeste do estado do rio grande do sul;64124;design;4;50;8.0;82,8;artes e humanidades
474;universidade regional do noroeste do estado do rio grande do sul;10976;direito;40;616;6.49;64,4;negócios, administração e direito
475;universidade regional do noroeste do estado do rio grande do sul;10981;educação física;31;323;9.6;66,3;educação
476;universidade regional do noroeste do estado do rio grande do sul;10967;enfermagem;16;78;20.51;65,4;saúde e bem-estar
477;universidade regional do noroeste do estado do rio grande do sul;18508;engenharia civil;5;255;1.96;72,7;engenharia, produção e construção
478;universidade regional do noroeste do estado do rio grande do sul;10982;engenharia elétrica;20;197;10.15;78,6;engenharia, produção e construção
479;universidade regional do noroeste do estado do rio grande do sul;10990;engenharia mecânica;17;130;13.08;74,6;engenharia, produção e construção
480;universidade regional do noroeste do estado do rio grande do sul;18509;farmácia;18;48;37.5;54,2;saúde e bem-estar
481;universidade regional do noroeste do estado do rio grande do sul;20974;fisioterapia;16;62;25.81;53,2;saúde e bem-estar
482;universidade regional do noroeste do estado do rio grande do sul;10977;história;2;6;33.33;83,3;educação
483;universidade regional do noroeste do estado do rio grande do sul;29585;jornalismo;2;29;6.9;72,4;ciências sociais, comunicação e informação
484;universidade regional do noroeste do estado do rio grande do sul;114281;letras - inglês;3;17;17.65;100;educação
485;universidade regional do noroeste do estado do rio grande do sul;19026;matemática;4;19;21.05;47,4;educação
486;universidade regional do noroeste do estado do rio grande do sul;111008;medicina veterinária;14;110;12.73;64,2;agricultura, silvicultura, pesca e veterinária
487;universidade regional do noroeste do estado do rio grande do sul;10968;nutrição;14;82;17.07;64,6;saúde e bem-estar
488;universidade regional do noroeste do estado do rio grande do sul;42088;pedagogia;20;124;16.13;50,8;educação
489;universidade regional do noroeste do estado do rio grande do sul;32224;psicologia;25;150;16.67;67,7;ciências sociais, comunicação e informação
490;universidade regional do noroeste do estado do rio grande do sul;64188;química;3;27;11.11;70,4;educação
491;universidade regional do noroeste do estado do rio grande do sul;28310;relações públicas;2;10;20.0;80;negócios, administração e direito
492;universidade regional do noroeste do estado do rio grande do sul;67029;serviço social;1;30;3.33;70;saúde e bem-estar
493;universidade regional integrada do alto uruguai e das missões;8787;administração;56;482;11.62;73,3;negócios, administração e direito
494;universidade regional integrada do alto uruguai e das missões;97185;agronegócio;4;33;12.12;33,3;agricultura, silvicultura, pesca e veterinária
495;universidade regional integrada do alto uruguai e das missões;106130;agronomia;7;89;7.87;41,7;agricultura, silvicultura, pesca e veterinária
496;universidade regional integrada do alto uruguai e das missões;49506;arquitetura e urbanismo;6;37;16.22;75,7;engenharia, produção e construção
497;universidade regional integrada do alto uruguai e das missões;64020;ciência da computação;25;149;16.78;65,8;computação e tecnologias da informação e comunicação (tic)
498;universidade regional integrada do alto uruguai e das missões;8801;ciências biológicas;34;126;26.98;33,3;educação
499;universidade regional integrada do alto uruguai e das missões;8786;ciências contábeis;38;247;15.38;62,5;negócios, administração e direito
500;universidade regional integrada do alto uruguai e das missões;8810;direito;72;718;10.03;36,4;negócios, administração e direito
501;universidade regional integrada do alto uruguai e das missões;64106;educação física;28;151;18.54;56,3;educação
502;universidade regional integrada do alto uruguai e das missões;111242;eletrotécnica industrial;4;12;33.33;100;engenharia, produção e construção
503;universidade regional integrada do alto uruguai e das missões;18494;enfermagem;31;138;22.46;33,3;saúde e bem-estar
504;universidade regional integrada do alto uruguai e das missões;8784;engenharia civil;13;151;8.61;56,3;engenharia, produção e construção
505;universidade regional integrada do alto uruguai e das missões;8785;engenharia mecânica;21;171;12.28;77,1;engenharia, produção e construção
506;universidade regional integrada do alto uruguai e das missões;20106;farmácia;19;128;14.84;54,5;saúde e bem-estar
507;universidade regional integrada do alto uruguai e das missões;64164;fisioterapia;12;52;23.08;45;saúde e bem-estar
508;universidade regional integrada do alto uruguai e das missões;8794;história;10;16;62.5;63,6;educação
509;universidade regional integrada do alto uruguai e das missões;32106;letras - português e espanhol;1;9;11.11;55,6;educação
510;universidade regional integrada do alto uruguai e das missões;25752;letras - português e inglês;7;52;13.46;57,1;educação
511;universidade regional integrada do alto uruguai e das missões;8790;matemática;10;38;26.32;57,1;educação
512;universidade regional integrada do alto uruguai e das missões;88810;nutrição;10;89;11.24;38,5;saúde e bem-estar
513;universidade regional integrada do alto uruguai e das missões;122800;odontologia;6;44;13.64;29,5;saúde e bem-estar
514;universidade regional integrada do alto uruguai e das missões;8788;pedagogia;17;122;13.93;81,1;educação
515;universidade regional integrada do alto uruguai e das missões;49498;psicologia;26;144;18.06;37,9;ciências sociais, comunicação e informação
516;universidade regional integrada do alto uruguai e das missões;64040;química;22;37;59.46;50;ciências naturais, matemática e estatística
517;universidade regional integrada do alto uruguai e das missões;1104312;secretariado executivo bilíngue;5;14;35.71;28,6;negócios, administração e direito
518;universidade regional integrada do alto uruguai e das missões;8838;serviço social;11;30;36.67;30;saúde e bem-estar
519;universidade regional integrada do alto uruguai e das missões;88180;sistemas de informação;4;46;8.7;80,4;computação e tecnologias da informação e comunicação (tic)
520;universidade regional integrada do alto uruguai e das missões;64110;teologia;1;13;7.69;69,2;artes e humanidades
