;Nome da Instituição;Nome do Curso de Graduação;Quantia de Bolsas;Código do Curso de Graduação;Quantidade de Ingressantes no Curso;Quantidade de Desistências;Nome da Grande Área do Curso segundo a classificação CINE BRASIL;Percentual de Bolsas
0;centro universitário da serra gaúcha;administração;143;20710;10440;4919.0;negócios, administração e direito;1.37
1;centro universitário da serra gaúcha;arquitetura e urbanismo;6;5000224;1250;592.0;engenharia, produção e construção;0.48
2;centro universitário da serra gaúcha;biomedicina;12;5000225;1660;730.0;saúde e bem-estar;0.72
3;centro universitário da serra gaúcha;ciências contábeis;2;87550;1760;1079.0;negócios, administração e direito;0.11
4;centro universitário da serra gaúcha;design;7;95914;2020;1174.0;artes e humanidades;0.35
5;centro universitário da serra gaúcha;direito;15;67977;2100;948.0;negócios, administração e direito;0.71
6;centro universitário da serra gaúcha;educação física;3;50265;1210;600.0;educação;0.25
7;centro universitário da serra gaúcha;enfermagem;3;5000228;670;365.0;saúde e bem-estar;0.45
8;centro universitário da serra gaúcha;engenharia civil;7;1060234;1570;829.0;engenharia, produção e construção;0.45
9;centro universitário da serra gaúcha;engenharia de produção;7;1059809;1890;1112.0;engenharia, produção e construção;0.37
10;centro universitário da serra gaúcha;fisioterapia;8;75671;980;366.0;saúde e bem-estar;0.82
11;centro universitário da serra gaúcha;psicologia;9;81050;2280;1218.0;ciências sociais, comunicação e informação;0.39
12;centro universitário da serra gaúcha;terapia ocupacional;1;1105219;260;82.0;saúde e bem-estar;0.38
13;centro universitário metodista;administração;50;74816;1610;221.0;negócios, administração e direito;3.11
14;centro universitário metodista;arquitetura e urbanismo;18;91286;780;98.0;engenharia, produção e construção;2.31
15;centro universitário metodista;biomedicina;18;75703;690;140.0;saúde e bem-estar;2.61
16;centro universitário metodista;ciências contábeis;1;75715;420;73.0;negócios, administração e direito;0.24
17;centro universitário metodista;comunicação social - publicidade e propaganda;4;75726;500;42.0;negócios, administração e direito;0.8
18;centro universitário metodista;design de interiores;12;115698;670;60.0;artes e humanidades;1.79
19;centro universitário metodista;direito;23;56442;1150;203.0;negócios, administração e direito;2.0
20;centro universitário metodista;educação física;21;83938;2120;318.0;saúde e bem-estar;0.99
21;centro universitário metodista;enfermagem;17;75705;1470;117.0;saúde e bem-estar;1.16
22;centro universitário metodista;engenharia civil;15;91288;980;139.0;engenharia, produção e construção;1.53
23;centro universitário metodista;engenharia de produção;7;91290;560;78.0;engenharia, produção e construção;1.25
24;centro universitário metodista;farmácia;3;75717;400;97.0;saúde e bem-estar;0.75
25;centro universitário metodista;fisioterapia;23;9018;1690;212.0;saúde e bem-estar;1.36
26;centro universitário metodista;jornalismo;5;87977;510;45.0;ciências sociais, comunicação e informação;0.98
27;centro universitário metodista;música;6;83945;1070;77.0;educação;0.56
28;centro universitário metodista;nutrição;17;15762;660;119.0;saúde e bem-estar;2.58
29;centro universitário metodista;psicologia;18;110300;990;150.0;ciências sociais, comunicação e informação;1.82
30;centro universitário metodista;turismo;3;21309;250;20.0;serviços;1.2
31;centro universitário uniftec;administração;4;1122184;1140;824.0;negócios, administração e direito;0.35
32;centro universitário uniftec;análise e desenvolvimento de sistemas;12;60168;1070;634.0;computação e tecnologias da informação e comunicação (tic);1.12
33;centro universitário uniftec;comércio exterior;6;101157;610;354.0;negócios, administração e direito;0.98
34;centro universitário uniftec;design de moda;5;1048077;550;267.0;artes e humanidades;0.91
35;centro universitário uniftec;design de produto;2;122384;430;249.0;artes e humanidades;0.47
36;centro universitário uniftec;engenharia civil;3;1108450;990;658.0;engenharia, produção e construção;0.3
37;centro universitário uniftec;engenharia de computação;8;119335;830;542.0;engenharia, produção e construção;0.96
38;centro universitário uniftec;engenharia de produção;9;119339;1810;1137.0;engenharia, produção e construção;0.5
39;centro universitário uniftec;engenharia mecânica;5;1108433;2090;1269.0;engenharia, produção e construção;0.24
40;centro universitário uniftec;gestão ambiental;9;1077731;670;327.0;engenharia, produção e construção;1.34
41;centro universitário uniftec;gestão comercial;8;104048;970;519.0;negócios, administração e direito;0.82
42;centro universitário uniftec;gestão da qualidade;10;102103;1310;743.0;negócios, administração e direito;0.76
43;centro universitário uniftec;gestão da tecnologia da informação;5;75921;500;265.0;computação e tecnologias da informação e comunicação (tic);1.0
44;centro universitário uniftec;gestão de recursos humanos;8;101151;1290;685.0;negócios, administração e direito;0.62
45;centro universitário uniftec;gestão financeira;6;101192;730;430.0;negócios, administração e direito;0.82
46;centro universitário uniftec;logística;8;107984;1480;798.0;negócios, administração e direito;0.54
47;centro universitário uniftec;marketing;6;101155;910;587.0;negócios, administração e direito;0.66
48;centro universitário uniftec;processos gerenciais;8;1104027;730;423.0;negócios, administração e direito;1.1
49;centro universitário uniftec;produção multimídia;7;1074227;690;331.0;artes e humanidades;1.01
50;centro universitário uniftec;redes de computadores;7;75917;840;446.0;computação e tecnologias da informação e comunicação (tic);0.83
51;faculdade américa latina;administração;7;116818;780;598.0;negócios, administração e direito;0.9
52;faculdade américa latina;ciências contábeis;6;118962;150;137.0;negócios, administração e direito;4.0
53;faculdade américa latina;design;6;87254;890;707.0;artes e humanidades;0.67
54;faculdade anglicana de erechim;administração;6;103860;460;121.0;negócios, administração e direito;1.3
55;faculdade anglicana de erechim;análise e desenvolvimento de sistemas;1;97206;440;142.0;computação e tecnologias da informação e comunicação (tic);0.23
56;faculdade anglicana de erechim;design;5;101256;290;77.0;artes e humanidades;1.72
57;faculdade anglicana de erechim;pedagogia;4;101287;230;70.0;educação;1.74
58;faculdade anhanguera de caxias do sul;administração;18;115184;1640;532.0;negócios, administração e direito;1.1
59;faculdade anhanguera de caxias do sul;ciências contábeis;9;117521;550;174.0;negócios, administração e direito;1.64
60;faculdade anhanguera de caxias do sul;serviço social;8;117524;520;117.0;saúde e bem-estar;1.54
61;faculdade anhanguera de passo fundo;administração;12;48455;1300;364.0;negócios, administração e direito;0.92
62;faculdade anhanguera de passo fundo;ciências contábeis;5;68178;710;186.0;negócios, administração e direito;0.7
63;faculdade anhanguera de passo fundo;direito;32;66395;1070;295.0;negócios, administração e direito;2.99
64;faculdade anhanguera de passo fundo;gestão comercial;4;104042;380;67.0;negócios, administração e direito;1.05
65;faculdade anhanguera de passo fundo;gestão da tecnologia da informação;2;104116;200;49.0;computação e tecnologias da informação e comunicação (tic);1.0
66;faculdade anhanguera de passo fundo;gestão de recursos humanos;6;1070127;360;81.0;negócios, administração e direito;1.67
67;faculdade anhanguera de passo fundo;gestão financeira;4;104564;40;15.0;negócios, administração e direito;10.0
68;faculdade anhanguera de pelotas;administração;110;59316;2250;466.0;negócios, administração e direito;4.89
69;faculdade anhanguera de pelotas;ciências biológicas;22;105959;960;482.0;educação;2.29
70;faculdade anhanguera de pelotas;direito;33;86408;1650;459.0;negócios, administração e direito;2.0
71;faculdade anhanguera de pelotas;educação física;42;98728;2990;1369.0;educação;1.4
72;faculdade anhanguera de pelotas;enfermagem;26;98723;1760;337.0;saúde e bem-estar;1.48
73;faculdade anhanguera de pelotas;engenharia mecânica;13;1117754;1180;578.0;engenharia, produção e construção;1.1
74;faculdade anhanguera do rio grande;administração;38;59309;1580;390.0;negócios, administração e direito;2.41
75;faculdade anhanguera do rio grande;ciências biológicas;7;110654;300;81.0;educação;2.33
76;faculdade anhanguera do rio grande;direito;18;87933;1380;316.0;negócios, administração e direito;1.3
77;faculdade anhanguera do rio grande;enfermagem;16;5000331;780;219.0;saúde e bem-estar;2.05
78;faculdade anhanguera do rio grande;engenharia de produção;18;5000330;770;209.0;engenharia, produção e construção;2.34
79;faculdade anhanguera do rio grande;engenharia mecânica;17;1117755;1530;460.0;engenharia, produção e construção;1.11
80;faculdade anhanguera do rio grande;fisioterapia;23;104382;1190;289.0;saúde e bem-estar;1.93
81;faculdade anhanguera do rio grande;psicologia;7;99604;510;104.0;ciências sociais, comunicação e informação;1.37
82;faculdade anhanguera do rio grande;sistemas para internet;7;96601;270;56.0;computação e tecnologias da informação e comunicação (tic);2.59
83;faculdade camaqüense de ciências contábeis e administrativas;administração;3;9449;330;164.0;negócios, administração e direito;0.91
84;faculdade camaqüense de ciências contábeis e administrativas;ciências contábeis;1;9450;170;61.0;negócios, administração e direito;0.59
85;faculdade cnec farroupilha;administração;7;14943;560;332.0;negócios, administração e direito;1.25
86;faculdade cnec farroupilha;direito;2;96000;360;202.0;negócios, administração e direito;0.56
87;faculdade cnec farroupilha;pedagogia;2;100474;230;69.0;educação;0.87
88;faculdade cnec gravataí;administração;14;54552;2840;1499.0;negócios, administração e direito;0.49
89;faculdade cnec gravataí;ciências contábeis;5;98054;750;380.0;negócios, administração e direito;0.67
90;faculdade cnec gravataí;direito;7;104396;1510;777.0;negócios, administração e direito;0.46
91;faculdade cnec gravataí;sistemas de informação;4;56121;480;281.0;computação e tecnologias da informação e comunicação (tic);0.83
92;faculdade de direito de santa maria;direito;28;67110;2180;1144.0;negócios, administração e direito;1.28
93;faculdade de integração do ensino superior do cone sul;administração;4;69253;650;365.0;negócios, administração e direito;0.62
94;faculdade de integração do ensino superior do cone sul;ciências contábeis;4;119536;360;138.0;negócios, administração e direito;1.11
95;faculdade de integração do ensino superior do cone sul;gestão comercial;5;118598;400;158.0;negócios, administração e direito;1.25
96;faculdade de integração do ensino superior do cone sul;gestão de recursos humanos;6;118600;420;146.0;negócios, administração e direito;1.43
97;faculdade de tecnologia la salle - estrela;agronegócio;2;1045356;70;14.0;agricultura, silvicultura, pesca e veterinária;2.86
98;faculdade de tecnologia la salle - estrela;gestão de turismo;2;1045095;70;17.0;serviços;2.86
99;faculdade de tecnologia la salle - estrela;secretariado;2;1045530;60;23.0;negócios, administração e direito;3.33
100;faculdade dom alberto;administração;18;67267;4270;2637.0;negócios, administração e direito;0.42
101;faculdade dom alberto;ciências contábeis;14;67270;1880;1188.0;negócios, administração e direito;0.74
102;faculdade dom alberto;direito;17;89321;1530;760.0;negócios, administração e direito;1.11
103;faculdade dom bosco de porto alegre;administração;20;57908;610;322.0;negócios, administração e direito;3.28
104;faculdade dom bosco de porto alegre;ciências contábeis;13;59091;450;199.0;negócios, administração e direito;2.89
105;faculdade dom bosco de porto alegre;direito;7;106816;850;409.0;negócios, administração e direito;0.82
106;faculdade dom bosco de porto alegre;engenharia ambiental e sanitária;2;86449;140;68.0;engenharia, produção e construção;1.43
107;faculdade dom bosco de porto alegre;sistemas de informação;11;57906;240;118.0;computação e tecnologias da informação e comunicação (tic);4.58
108;faculdade dos imigrantes - fai;administração;19;51885;1460;1082.0;negócios, administração e direito;1.3
109;faculdade dos imigrantes - fai;ciências contábeis;6;84952;300;207.0;negócios, administração e direito;2.0
110;faculdade dos imigrantes - fai;design de interiores;5;84956;270;199.0;artes e humanidades;1.85
111;faculdade ecoar;gestão ambiental;4;113935;150;58.0;engenharia, produção e construção;2.67
112;faculdade equipe;administração;6;57110;350;165.0;negócios, administração e direito;1.71
113;faculdade equipe;logística;3;1085211;130;72.0;negócios, administração e direito;2.31
114;faculdade especializada na área de saúde do rio grande do sul;odontologia;5;1024230;470;130.0;saúde e bem-estar;1.06
115;faculdade fae sévigné porto alegre;gestão de recursos humanos;7;112420;530;477.0;negócios, administração e direito;1.32
116;faculdade fae sévigné porto alegre;pedagogia;6;98147;350;314.0;educação;1.71
117;faculdade horizontina;ciências econômicas;3;81867;440;260.0;ciências sociais, comunicação e informação;0.68
118;faculdade horizontina;engenharia de produção;11;74249;750;444.0;engenharia, produção e construção;1.47
119;faculdade horizontina;engenharia mecânica;15;48113;870;469.0;engenharia, produção e construção;1.72
120;faculdade integrada de santa maria;administração;50;67609;800;456.0;negócios, administração e direito;6.25
121;faculdade integrada de santa maria;enfermagem;22;67569;650;278.0;saúde e bem-estar;3.38
122;faculdade integrada de santa maria;psicologia;31;96094;560;244.0;ciências sociais, comunicação e informação;5.54
123;faculdade meridional;administração;27;97081;1560;592.0;negócios, administração e direito;1.73
124;faculdade meridional;arquitetura e urbanismo;20;122796;1050;396.0;engenharia, produção e construção;1.9
125;faculdade meridional;direito;18;80299;2080;756.0;negócios, administração e direito;0.87
126;faculdade meridional;odontologia;5;122802;540;130.0;saúde e bem-estar;0.93
127;faculdade meridional;psicologia;3;98065;800;219.0;ciências sociais, comunicação e informação;0.38
128;faculdade meridional;sistema de informação;21;96855;460;224.0;computação e tecnologias da informação e comunicação (tic);4.57
129;faculdade monteiro lobato;administração;12;68356;1170;695.0;negócios, administração e direito;1.03
130;faculdade monteiro lobato;análise e desenvolvimento de sistemas;2;1055781;250;180.0;computação e tecnologias da informação e comunicação (tic);0.8
131;faculdade monteiro lobato;ciências contábeis;1;68358;560;334.0;negócios, administração e direito;0.18
132;faculdade monteiro lobato;gestão ambiental;3;115394;260;204.0;engenharia, produção e construção;1.15
133;faculdade monteiro lobato;produção cênica;4;115392;540;318.0;artes e humanidades;0.74
134;faculdade nossa senhora de fátima;administração;31;67645;260;92.0;negócios, administração e direito;11.92
135;faculdade nossa senhora de fátima;enfermagem;53;67647;480;191.0;saúde e bem-estar;11.04
136;faculdade nossa senhora de fátima;fonoaudiologia;20;81068;240;60.0;saúde e bem-estar;8.33
137;faculdade nossa senhora de fátima;nutrição;25;80824;170;45.0;saúde e bem-estar;14.71
138;faculdade novo hamburgo;administração;4;101454;310;117.0;negócios, administração e direito;1.29
139;faculdade novo hamburgo;psicologia;1;1077039;320;167.0;ciências sociais, comunicação e informação;0.31
140;faculdade novo hamburgo;redes de computadores;6;119946;190;74.0;computação e tecnologias da informação e comunicação (tic);3.16
141;faculdade são francisco de assis;administração;4;67774;4750;3504.0;negócios, administração e direito;0.08
142;faculdade são francisco de assis;ciências contábeis;4;67776;1290;623.0;negócios, administração e direito;0.31
143;faculdade três de maio;administração;7;6741;670;173.0;negócios, administração e direito;1.04
144;faculdade três de maio;agronomia;6;119212;470;148.0;agricultura, silvicultura, pesca e veterinária;1.28
145;faculdade três de maio;design de moda;3;1077618;170;18.0;artes e humanidades;1.76
146;faculdade três de maio;enfermagem;5;45559;290;89.0;saúde e bem-estar;1.72
147;faculdade três de maio;engenharia de produção;6;68980;340;116.0;engenharia, produção e construção;1.76
148;faculdade três de maio;pedagogia;2;32470;210;46.0;educação;0.95
149;faculdade três de maio;psicologia;4;104028;250;45.0;ciências sociais, comunicação e informação;1.6
150;faculdade três de maio;redes de computadores;2;72485;190;52.0;computação e tecnologias da informação e comunicação (tic);1.05
151;faculdade três de maio;sistemas de informação;2;20130;310;112.0;computação e tecnologias da informação e comunicação (tic);0.65
152;faculdades est;música;2;1073438;420;196.0;educação;0.48
153;faculdades est;teologia;14;20484;230;61.0;artes e humanidades;6.09
154;faculdades integradas machado de assis;administração;11;18732;440;147.0;negócios, administração e direito;2.5
155;faculdades integradas machado de assis;ciências contábeis;12;8901;570;162.0;negócios, administração e direito;2.11
156;faculdades integradas machado de assis;direito;8;96010;530;177.0;negócios, administração e direito;1.51
157;faculdades integradas machado de assis;gestão da tecnologia da informação;6;1101105;390;34.0;computação e tecnologias da informação e comunicação (tic);1.54
158;faculdades integradas machado de assis;gestão de recursos humanos;6;1101106;280;104.0;negócios, administração e direito;2.14
159;faculdades integradas machado de assis;serviço social;7;73453;60;8.0;saúde e bem-estar;11.67
160;instituto superior de educação ivoti;música;7;1100369;500;274.0;educação;1.4
161;instituto superior de educação ivoti;pedagogia;10;119032;690;443.0;educação;1.45
162;instituto superior de filosofia berthier;filosofia;16;74493;530;322.0;artes e humanidades;3.02
163;pontifícia universidade católica do rio grande do sul;administração;343;88923;6410;1821.0;negócios, administração e direito;5.35
164;pontifícia universidade católica do rio grande do sul;arquitetura e urbanismo;23;18056;1290;463.0;engenharia, produção e construção;1.78
165;pontifícia universidade católica do rio grande do sul;ciência da computação;25;1904;1470;727.0;computação e tecnologias da informação e comunicação (tic);1.7
166;pontifícia universidade católica do rio grande do sul;ciências aeronáuticas;10;1923;780;112.0;serviços;1.28
167;pontifícia universidade católica do rio grande do sul;ciências biológicas;31;1905;1640;672.0;educação;1.89
168;pontifícia universidade católica do rio grande do sul;ciências contábeis;75;88932;1590;405.0;negócios, administração e direito;4.72
169;pontifícia universidade católica do rio grande do sul;ciências econômicas;53;1890;1350;415.0;ciências sociais, comunicação e informação;3.93
170;pontifícia universidade católica do rio grande do sul;ciências sociais;75;1894;560;312.0;educação;13.39
171;pontifícia universidade católica do rio grande do sul;direito;556;1888;15540;3078.0;negócios, administração e direito;3.58
172;pontifícia universidade católica do rio grande do sul;educação física;106;39514;3100;1293.0;educação;3.42
173;pontifícia universidade católica do rio grande do sul;enfermagem;36;19334;760;131.0;saúde e bem-estar;4.74
174;pontifícia universidade católica do rio grande do sul;engenharia civil;4;1886;2180;564.0;engenharia, produção e construção;0.18
175;pontifícia universidade católica do rio grande do sul;engenharia de computação;34;56702;1030;538.0;computação e tecnologias da informação e comunicação (tic);3.3
176;pontifícia universidade católica do rio grande do sul;engenharia de controle e automação;44;1925;1280;611.0;engenharia, produção e construção;3.44
177;pontifícia universidade católica do rio grande do sul;engenharia de produção;33;64746;1510;497.0;engenharia, produção e construção;2.19
178;pontifícia universidade católica do rio grande do sul;engenharia elétrica e eletrônica;45;116150;200;181.0;engenharia, produção e construção;22.5
179;pontifícia universidade católica do rio grande do sul;engenharia mecânica;20;1914;1500;505.0;engenharia, produção e construção;1.33
180;pontifícia universidade católica do rio grande do sul;engenharia química;28;1915;1210;384.0;engenharia, produção e construção;2.31
181;pontifícia universidade católica do rio grande do sul;farmácia;27;1924;810;198.0;saúde e bem-estar;3.33
182;pontifícia universidade católica do rio grande do sul;filosofia;49;1881;830;359.0;educação;5.9
183;pontifícia universidade católica do rio grande do sul;fisioterapia;34;39516;730;161.0;saúde e bem-estar;4.66
184;pontifícia universidade católica do rio grande do sul;física;58;1896;570;305.0;educação;10.18
185;pontifícia universidade católica do rio grande do sul;geografia;57;1893;780;368.0;educação;7.31
186;pontifícia universidade católica do rio grande do sul;gestão de turismo;105;1107916;1090;558.0;serviços;9.63
187;pontifícia universidade católica do rio grande do sul;história;54;102728;1540;737.0;educação;3.51
188;pontifícia universidade católica do rio grande do sul;hotelaria;88;1107917;1090;604.0;serviços;8.07
189;pontifícia universidade católica do rio grande do sul;jornalismo;21;27508;1780;448.0;ciências sociais, comunicação e informação;1.18
190;pontifícia universidade católica do rio grande do sul;matemática;62;1907;430;218.0;educação;14.42
191;pontifícia universidade católica do rio grande do sul;medicina;12;1879;790;51.0;saúde e bem-estar;1.52
192;pontifícia universidade católica do rio grande do sul;nutrição;21;56696;660;185.0;saúde e bem-estar;3.18
193;pontifícia universidade católica do rio grande do sul;odontologia;11;1883;830;82.0;saúde e bem-estar;1.33
194;pontifícia universidade católica do rio grande do sul;pedagogia;71;1882;1410;584.0;educação;5.04
195;pontifícia universidade católica do rio grande do sul;produção audiovisual;7;73235;470;81.0;artes e humanidades;1.49
196;pontifícia universidade católica do rio grande do sul;psicologia;69;1903;4130;950.0;ciências sociais, comunicação e informação;1.67
197;pontifícia universidade católica do rio grande do sul;química;37;1906;750;379.0;ciências naturais, matemática e estatística;4.93
198;pontifícia universidade católica do rio grande do sul;relações públicas;40;33288;1210;380.0;negócios, administração e direito;3.31
199;pontifícia universidade católica do rio grande do sul;serviço social;51;1887;880;277.0;saúde e bem-estar;5.8
200;pontifícia universidade católica do rio grande do sul;sistemas de informação;50;56766;1620;560.0;computação e tecnologias da informação e comunicação (tic);3.09
201;pontifícia universidade católica do rio grande do sul;teologia;55;1880;460;182.0;artes e humanidades;11.96
202;universidade católica de pelotas;administração;32;1517;2510;1270.0;negócios, administração e direito;1.27
203;universidade católica de pelotas;análise e desenvolvimento de sistemas;1;1529;380;187.0;computação e tecnologias da informação e comunicação (tic);0.26
204;universidade católica de pelotas;arquitetura e urbanismo;5;1534;390;126.0;engenharia, produção e construção;1.28
205;universidade católica de pelotas;ciências biológicas;14;1537;400;254.0;educação;3.5
206;universidade católica de pelotas;ciências econômicas;4;1522;140;85.0;ciências sociais, comunicação e informação;2.86
207;universidade católica de pelotas;comunicação social - publicidade e propaganda;4;49996;320;164.0;negócios, administração e direito;1.25
208;universidade católica de pelotas;design de moda;2;103186;440;141.0;artes e humanidades;0.45
209;universidade católica de pelotas;direito;28;1531;3200;1117.0;negócios, administração e direito;0.88
210;universidade católica de pelotas;ecologia;8;1560;240;140.0;ciências naturais, matemática e estatística;3.33
211;universidade católica de pelotas;enfermagem;7;89467;740;278.0;saúde e bem-estar;0.95
212;universidade católica de pelotas;engenharia civil;10;1511;1200;477.0;engenharia, produção e construção;0.83
213;universidade católica de pelotas;engenharia eletrônica;1;1536;180;116.0;engenharia, produção e construção;0.56
214;universidade católica de pelotas;engenharia elétrica;3;1512;350;228.0;engenharia, produção e construção;0.86
215;universidade católica de pelotas;farmácia;4;90207;450;186.0;saúde e bem-estar;0.89
216;universidade católica de pelotas;filosofia;19;1513;230;99.0;educação;8.26
217;universidade católica de pelotas;fisioterapia;10;64838;840;313.0;saúde e bem-estar;1.19
218;universidade católica de pelotas;gestão hospitalar;6;113881;360;136.0;negócios, administração e direito;1.67
219;universidade católica de pelotas;jornalismo;2;49991;390;158.0;ciências sociais, comunicação e informação;0.51
220;universidade católica de pelotas;letras - português e inglês;16;1514;530;256.0;educação;3.02
221;universidade católica de pelotas;matemática;13;1538;270;132.0;educação;4.81
222;universidade católica de pelotas;medicina;10;1518;1090;125.0;saúde e bem-estar;0.92
223;universidade católica de pelotas;pedagogia;15;1515;420;201.0;educação;3.57
224;universidade católica de pelotas;produção fonográfica;8;110309;260;98.0;artes e humanidades;3.08
225;universidade católica de pelotas;psicologia;17;1516;930;285.0;ciências sociais, comunicação e informação;1.83
226;universidade católica de pelotas;serviço social;10;1526;360;135.0;saúde e bem-estar;2.78
227;universidade de caxias do sul;administração;183;31041;18410;6734.0;negócios, administração e direito;0.99
228;universidade de caxias do sul;agronomia;10;88562;1210;378.0;agricultura, silvicultura, pesca e veterinária;0.83
229;universidade de caxias do sul;arquitetura e urbanismo;13;1140;1450;668.0;engenharia, produção e construção;0.9
230;universidade de caxias do sul;artes visuais;9;112356;490;222.0;educação;1.84
231;universidade de caxias do sul;automação industrial;8;1127914;940;462.0;engenharia, produção e construção;0.85
232;universidade de caxias do sul;ciência da computação;8;1110;1220;695.0;computação e tecnologias da informação e comunicação (tic);0.66
233;universidade de caxias do sul;ciências biológicas;11;1109;1800;854.0;educação;0.61
234;universidade de caxias do sul;ciências contábeis;60;1103;5140;1637.0;negócios, administração e direito;1.17
235;universidade de caxias do sul;ciências econômicas;17;1104;1070;408.0;ciências sociais, comunicação e informação;1.59
236;universidade de caxias do sul;comunicação social - publicidade e propaganda;9;24299;820;364.0;negócios, administração e direito;1.1
237;universidade de caxias do sul;comércio internacional;20;106910;2540;885.0;negócios, administração e direito;0.79
238;universidade de caxias do sul;design;16;1105331;1860;796.0;artes e humanidades;0.86
239;universidade de caxias do sul;design de moda;12;121110;990;353.0;artes e humanidades;1.21
240;universidade de caxias do sul;direito;135;1101;12020;3909.0;negócios, administração e direito;1.12
241;universidade de caxias do sul;educação física;30;66129;3020;1183.0;educação;0.99
242;universidade de caxias do sul;eletrônica industrial;4;1115914;310;193.0;engenharia, produção e construção;1.29
243;universidade de caxias do sul;enfermagem;16;45693;1290;414.0;saúde e bem-estar;1.24
244;universidade de caxias do sul;engenharia ambiental;10;40404;940;473.0;engenharia, produção e construção;1.06
245;universidade de caxias do sul;engenharia civil;8;1105330;1680;470.0;engenharia, produção e construção;0.48
246;universidade de caxias do sul;engenharia de alimentos;11;50304;380;219.0;engenharia, produção e construção;2.89
247;universidade de caxias do sul;engenharia de controle e automação;3;98118;1020;439.0;engenharia, produção e construção;0.29
248;universidade de caxias do sul;engenharia de materiais;6;57714;600;322.0;engenharia, produção e construção;1.0
249;universidade de caxias do sul;engenharia de produção;26;40405;3070;1350.0;engenharia, produção e construção;0.85
250;universidade de caxias do sul;engenharia eletrônica;7;1115910;730;327.0;engenharia, produção e construção;0.96
251;universidade de caxias do sul;engenharia elétrica;7;57706;800;392.0;engenharia, produção e construção;0.88
252;universidade de caxias do sul;engenharia mecânica;39;22642;3650;1348.0;engenharia, produção e construção;1.07
253;universidade de caxias do sul;engenharia química;10;26065;1180;493.0;engenharia, produção e construção;0.85
254;universidade de caxias do sul;farmácia;9;70604;690;313.0;saúde e bem-estar;1.3
255;universidade de caxias do sul;filosofia;8;45735;400;209.0;educação;2.0
256;universidade de caxias do sul;fisioterapia;10;50302;940;413.0;saúde e bem-estar;1.06
257;universidade de caxias do sul;fotografia;1;1116795;500;179.0;artes e humanidades;0.2
258;universidade de caxias do sul;gestão comercial;8;1116798;680;275.0;negócios, administração e direito;1.18
259;universidade de caxias do sul;gestão da qualidade;5;1153962;270;94.0;negócios, administração e direito;1.85
260;universidade de caxias do sul;gestão de recursos humanos;7;1115906;1520;602.0;negócios, administração e direito;0.46
261;universidade de caxias do sul;gestão financeira;6;1116797;320;88.0;negócios, administração e direito;1.88
262;universidade de caxias do sul;história;5;1095;770;257.0;educação;0.65
263;universidade de caxias do sul;hotelaria;6;89354;210;89.0;serviços;2.86
264;universidade de caxias do sul;letras - espanhol;3;25881;180;73.0;educação;1.67
265;universidade de caxias do sul;letras - inglês;3;29730;480;164.0;educação;0.62
266;universidade de caxias do sul;letras - língua portuguesa;9;25674;490;268.0;educação;1.84
267;universidade de caxias do sul;marketing;6;1117530;610;186.0;negócios, administração e direito;0.98
268;universidade de caxias do sul;matemática;4;1112;310;140.0;educação;1.29
269;universidade de caxias do sul;medicina;9;1107;840;56.0;saúde e bem-estar;1.07
270;universidade de caxias do sul;música;3;1105328;530;182.0;educação;0.57
271;universidade de caxias do sul;negócios imobiliários;5;1127016;240;99.0;negócios, administração e direito;2.08
272;universidade de caxias do sul;nutrição;10;72777;910;420.0;saúde e bem-estar;1.1
273;universidade de caxias do sul;pedagogia;19;98307;2020;659.0;educação;0.94
274;universidade de caxias do sul;processos gerenciais;3;1115907;370;155.0;negócios, administração e direito;0.81
275;universidade de caxias do sul;psicologia;12;29733;1590;601.0;ciências sociais, comunicação e informação;0.75
276;universidade de caxias do sul;química;4;1129806;260;139.0;ciências naturais, matemática e estatística;1.54
277;universidade de caxias do sul;serviço social;7;1098;630;253.0;saúde e bem-estar;1.11
278;universidade de caxias do sul;sistemas de informação;13;50298;1070;502.0;computação e tecnologias da informação e comunicação (tic);1.21
279;universidade de caxias do sul;sociologia;4;1115909;210;48.0;educação;1.9
280;universidade de caxias do sul;tecnologias digitais;4;75926;410;196.0;computação e tecnologias da informação e comunicação (tic);0.98
281;universidade de caxias do sul;turismo;6;42118;300;182.0;serviços;2.0
282;universidade de cruz alta;administração;19;9229;780;408.0;negócios, administração e direito;2.44
283;universidade de cruz alta;agronomia;2;9228;260;107.0;agricultura, silvicultura, pesca e veterinária;0.77
284;universidade de cruz alta;arquitetura e urbanismo;5;18051;280;113.0;engenharia, produção e construção;1.79
285;universidade de cruz alta;biomedicina;3;69109;330;188.0;saúde e bem-estar;0.91
286;universidade de cruz alta;ciência da computação;2;20966;90;53.0;computação e tecnologias da informação e comunicação (tic);2.22
287;universidade de cruz alta;ciências contábeis;3;9236;240;109.0;negócios, administração e direito;1.25
288;universidade de cruz alta;direito;22;9227;1220;550.0;negócios, administração e direito;1.8
289;universidade de cruz alta;educação física;2;9225;250;185.0;educação;0.8
290;universidade de cruz alta;enfermagem;4;18052;220;94.0;saúde e bem-estar;1.82
291;universidade de cruz alta;estética e cosmética;8;112062;190;84.0;serviços;4.21
292;universidade de cruz alta;jornalismo;6;35859;190;96.0;ciências sociais, comunicação e informação;3.16
293;universidade de cruz alta;medicina veterinária;10;19005;550;252.0;agricultura, silvicultura, pesca e veterinária;1.82
294;universidade de passo fundo;administração;249;1729;7290;2890.0;negócios, administração e direito;3.42
295;universidade de passo fundo;agronomia;20;1728;1310;340.0;agricultura, silvicultura, pesca e veterinária;1.53
296;universidade de passo fundo;análise e desenvolvimento de sistemas;12;98361;980;348.0;computação e tecnologias da informação e comunicação (tic);1.22
297;universidade de passo fundo;arquitetura e urbanismo;35;1786;1500;401.0;engenharia, produção e construção;2.33
298;universidade de passo fundo;artes visuais;8;88502;130;48.0;educação;6.15
299;universidade de passo fundo;ciência da computação;33;1721;750;290.0;computação e tecnologias da informação e comunicação (tic);4.4
300;universidade de passo fundo;ciências biológicas;30;66005;1050;397.0;ciências naturais, matemática e estatística;2.86
301;universidade de passo fundo;ciências contábeis;203;1734;4370;1207.0;negócios, administração e direito;4.65
302;universidade de passo fundo;ciências econômicas;37;1735;600;212.0;ciências sociais, comunicação e informação;6.17
303;universidade de passo fundo;comércio exterior;34;1133188;840;349.0;negócios, administração e direito;4.05
304;universidade de passo fundo;design de moda;23;115484;740;227.0;artes e humanidades;3.11
305;universidade de passo fundo;design de produto;18;115478;330;130.0;artes e humanidades;5.45
306;universidade de passo fundo;design gráfico;24;111744;840;307.0;artes e humanidades;2.86
307;universidade de passo fundo;direito;163;1736;6150;1909.0;negócios, administração e direito;2.65
308;universidade de passo fundo;educação física;94;1724;2570;911.0;educação;3.66
309;universidade de passo fundo;enfermagem;25;1727;780;247.0;saúde e bem-estar;3.21
310;universidade de passo fundo;engenharia civil;9;1748;2210;606.0;engenharia, produção e construção;0.41
311;universidade de passo fundo;engenharia de alimentos;30;20948;420;154.0;engenharia, produção e construção;7.14
312;universidade de passo fundo;engenharia de produção;24;86484;510;143.0;engenharia, produção e construção;4.71
313;universidade de passo fundo;engenharia elétrica;20;1109501;1280;372.0;engenharia, produção e construção;1.56
314;universidade de passo fundo;engenharia mecânica;26;1718;1730;571.0;engenharia, produção e construção;1.5
315;universidade de passo fundo;estética e cosmética;15;115482;1040;225.0;serviços;1.44
316;universidade de passo fundo;fabricação mecânica;27;111740;630;328.0;engenharia, produção e construção;4.29
317;universidade de passo fundo;farmácia;4;18483;430;87.0;saúde e bem-estar;0.93
318;universidade de passo fundo;filosofia;5;1738;270;143.0;educação;1.85
319;universidade de passo fundo;fisioterapia;16;20949;570;107.0;saúde e bem-estar;2.81
320;universidade de passo fundo;fonoaudiologia;9;64832;370;100.0;saúde e bem-estar;2.43
321;universidade de passo fundo;física;12;73302;260;133.0;educação;4.62
322;universidade de passo fundo;geografia;13;1716;360;101.0;educação;3.61
323;universidade de passo fundo;gestão comercial;42;1107869;840;257.0;negócios, administração e direito;5.0
324;universidade de passo fundo;gestão de recursos humanos;4;115500;570;136.0;negócios, administração e direito;0.7
325;universidade de passo fundo;história;18;1740;640;213.0;educação;2.81
326;universidade de passo fundo;jornalismo;40;29604;640;213.0;ciências sociais, comunicação e informação;6.25
327;universidade de passo fundo;letras - português e espanhol;15;88496;340;122.0;educação;4.41
328;universidade de passo fundo;letras - português e inglês;10;34661;660;185.0;educação;1.52
329;universidade de passo fundo;logística;16;115512;340;131.0;negócios, administração e direito;4.71
330;universidade de passo fundo;matemática;43;1717;810;398.0;educação;5.31
331;universidade de passo fundo;medicina;16;1725;900;54.0;saúde e bem-estar;1.78
332;universidade de passo fundo;medicina veterinária;14;18484;1210;158.0;agricultura, silvicultura, pesca e veterinária;1.16
333;universidade de passo fundo;música - canto;3;24815;80;42.0;artes e humanidades;3.75
334;universidade de passo fundo;música - instrumento;7;33283;80;23.0;artes e humanidades;8.75
335;universidade de passo fundo;nutrição;10;64836;410;48.0;saúde e bem-estar;2.44
336;universidade de passo fundo;odontologia;8;1726;1080;202.0;saúde e bem-estar;0.74
337;universidade de passo fundo;pedagogia;78;1741;3120;820.0;educação;2.5
338;universidade de passo fundo;psicologia;31;47663;1070;261.0;ciências sociais, comunicação e informação;2.9
339;universidade de passo fundo;química;29;57548;860;379.0;ciências naturais, matemática e estatística;3.37
340;universidade de passo fundo;secretariado executivo;23;18482;490;118.0;negócios, administração e direito;4.69
341;universidade de passo fundo;serviço social;22;73298;520;142.0;saúde e bem-estar;4.23
342;universidade de passo fundo;sistemas para internet;9;111736;290;153.0;computação e tecnologias da informação e comunicação (tic);3.1
343;universidade de santa cruz do sul;administração;27;6749;4380;2036.0;negócios, administração e direito;0.62
344;universidade de santa cruz do sul;arquitetura e urbanismo;9;20107;730;320.0;engenharia, produção e construção;1.23
345;universidade de santa cruz do sul;ciência da computação;2;6756;1110;663.0;computação e tecnologias da informação e comunicação (tic);0.18
346;universidade de santa cruz do sul;ciências biológicas;9;29951;650;236.0;educação;1.38
347;universidade de santa cruz do sul;ciências contábeis;9;6748;1330;461.0;negócios, administração e direito;0.68
348;universidade de santa cruz do sul;ciências econômicas;3;6751;460;247.0;ciências sociais, comunicação e informação;0.65
349;universidade de santa cruz do sul;computação;2;20109;340;183.0;educação;0.59
350;universidade de santa cruz do sul;comunicação social - publicidade e propaganda;5;33495;870;379.0;negócios, administração e direito;0.57
351;universidade de santa cruz do sul;comunicação social -radialismo - produção em mídia audiovisual;2;55270;370;172.0;ciências sociais, comunicação e informação;0.54
352;universidade de santa cruz do sul;direito;36;6743;5330;2157.0;negócios, administração e direito;0.68
353;universidade de santa cruz do sul;educação física;14;6747;1750;979.0;educação;0.8
354;universidade de santa cruz do sul;enfermagem;11;64474;1210;481.0;saúde e bem-estar;0.91
355;universidade de santa cruz do sul;engenharia agrícola;3;6760;310;160.0;agricultura, silvicultura, pesca e veterinária;0.97
356;universidade de santa cruz do sul;engenharia ambiental;5;89750;910;592.0;engenharia, produção e construção;0.55
357;universidade de santa cruz do sul;engenharia civil;7;98294;1480;615.0;engenharia, produção e construção;0.47
358;universidade de santa cruz do sul;engenharia de produção;4;64478;1160;625.0;engenharia, produção e construção;0.34
359;universidade de santa cruz do sul;engenharia elétrica;4;114666;630;300.0;engenharia, produção e construção;0.63
360;universidade de santa cruz do sul;engenharia mecânica;10;75242;870;458.0;engenharia, produção e construção;1.15
361;universidade de santa cruz do sul;estética e cosmética;6;111306;450;66.0;serviços;1.33
362;universidade de santa cruz do sul;farmácia;6;38525;780;322.0;saúde e bem-estar;0.77
363;universidade de santa cruz do sul;fisioterapia;7;19003;760;354.0;saúde e bem-estar;0.92
364;universidade de santa cruz do sul;fotografia;5;111312;270;18.0;artes e humanidades;1.85
365;universidade de santa cruz do sul;gastronomia;3;102762;420;160.0;serviços;0.71
366;universidade de santa cruz do sul;geografia;2;55324;190;36.0;educação;1.05
367;universidade de santa cruz do sul;história;4;55327;310;161.0;educação;1.29
368;universidade de santa cruz do sul;jornalismo;2;27572;490;260.0;ciências sociais, comunicação e informação;0.41
369;universidade de santa cruz do sul;letras - espanhol;2;55318;190;79.0;educação;1.05
370;universidade de santa cruz do sul;letras - inglês;4;55316;410;213.0;educação;0.98
371;universidade de santa cruz do sul;matemática;7;6754;390;141.0;educação;1.79
372;universidade de santa cruz do sul;medicina;5;91399;640;70.0;saúde e bem-estar;0.78
373;universidade de santa cruz do sul;nutrição;4;20108;430;165.0;saúde e bem-estar;0.93
374;universidade de santa cruz do sul;odontologia;8;19004;570;106.0;saúde e bem-estar;1.4
375;universidade de santa cruz do sul;pedagogia;8;6750;2230;725.0;educação;0.36
376;universidade de santa cruz do sul;psicologia;8;6757;1300;622.0;ciências sociais, comunicação e informação;0.62
377;universidade de santa cruz do sul;química;9;6752;480;229.0;educação;1.88
378;universidade de santa cruz do sul;relações internacionais;5;114668;600;321.0;ciências sociais, comunicação e informação;0.83
379;universidade de santa cruz do sul;relações públicas;2;35249;280;142.0;negócios, administração e direito;0.71
380;universidade de santa cruz do sul;serviço social;5;21709;340;144.0;saúde e bem-estar;1.47
381;universidade de santa cruz do sul;turismo;1;18517;130;43.0;serviços;0.77
382;universidade do vale do rio dos sinos;administração;110;96103;9110;4619.0;negócios, administração e direito;1.21
383;universidade do vale do rio dos sinos;análise e desenvolvimento de sistemas;16;90237;2380;1251.0;computação e tecnologias da informação e comunicação (tic);0.67
384;universidade do vale do rio dos sinos;arquitetura e urbanismo;51;1237;4050;1613.0;engenharia, produção e construção;1.26
385;universidade do vale do rio dos sinos;biomedicina;4;1149146;790;442.0;saúde e bem-estar;0.51
386;universidade do vale do rio dos sinos;ciência da computação;22;57702;1480;893.0;computação e tecnologias da informação e comunicação (tic);1.49
387;universidade do vale do rio dos sinos;ciências biológicas;19;38429;2250;1040.0;educação;0.84
388;universidade do vale do rio dos sinos;ciências contábeis;22;1233;2040;1043.0;negócios, administração e direito;1.08
389;universidade do vale do rio dos sinos;ciências econômicas;8;1232;730;309.0;ciências sociais, comunicação e informação;1.1
390;universidade do vale do rio dos sinos;comunicação social - habilitação realização audiovisual;7;64819;210;43.0;artes e humanidades;3.33
391;universidade do vale do rio dos sinos;comunicação social - publicidade e propaganda;42;22932;2810;1242.0;negócios, administração e direito;1.49
392;universidade do vale do rio dos sinos;design;10;98398;260;124.0;artes e humanidades;3.85
393;universidade do vale do rio dos sinos;design de produto;1;1121529;450;225.0;artes e humanidades;0.22
394;universidade do vale do rio dos sinos;direito;111;1230;7800;3280.0;negócios, administração e direito;1.42
395;universidade do vale do rio dos sinos;educação física;47;1253;3200;1445.0;educação;1.47
396;universidade do vale do rio dos sinos;enfermagem;32;1225;2290;1151.0;saúde e bem-estar;1.4
397;universidade do vale do rio dos sinos;engenharia ambiental;20;1114767;1160;781.0;engenharia, produção e construção;1.72
398;universidade do vale do rio dos sinos;engenharia cartográfica e de agrimensura;3;1149061;460;278.0;engenharia, produção e construção;0.65
399;universidade do vale do rio dos sinos;engenharia civil;54;32842;4990;2158.0;engenharia, produção e construção;1.08
400;universidade do vale do rio dos sinos;engenharia da computação;10;64822;650;396.0;engenharia, produção e construção;1.54
401;universidade do vale do rio dos sinos;engenharia de alimentos;10;29738;520;281.0;engenharia, produção e construção;1.92
402;universidade do vale do rio dos sinos;engenharia de controle e automação;17;1114857;1070;721.0;engenharia, produção e construção;1.59
403;universidade do vale do rio dos sinos;engenharia de energia;12;1114784;560;372.0;engenharia, produção e construção;2.14
404;universidade do vale do rio dos sinos;engenharia de produção;29;31419;3530;1758.0;engenharia, produção e construção;0.82
405;universidade do vale do rio dos sinos;engenharia elétrica;26;26073;2520;1256.0;engenharia, produção e construção;1.03
406;universidade do vale do rio dos sinos;engenharia mecânica;44;29595;4490;2200.0;engenharia, produção e construção;0.98
407;universidade do vale do rio dos sinos;farmácia;10;116200;890;485.0;saúde e bem-estar;1.12
408;universidade do vale do rio dos sinos;fisioterapia;19;57728;910;421.0;saúde e bem-estar;2.09
409;universidade do vale do rio dos sinos;física;10;38433;490;274.0;educação;2.04
410;universidade do vale do rio dos sinos;gastronomia;7;102859;890;256.0;serviços;0.79
411;universidade do vale do rio dos sinos;geologia;11;1240;720;293.0;ciências naturais, matemática e estatística;1.53
412;universidade do vale do rio dos sinos;gestão ambiental;12;91921;800;346.0;engenharia, produção e construção;1.5
413;universidade do vale do rio dos sinos;gestão comercial;10;1114863;960;377.0;negócios, administração e direito;1.04
414;universidade do vale do rio dos sinos;gestão de recursos humanos;14;96105;1280;610.0;negócios, administração e direito;1.09
415;universidade do vale do rio dos sinos;gestão financeira;6;102861;590;255.0;negócios, administração e direito;1.02
416;universidade do vale do rio dos sinos;gestão hospitalar;1;1149080;290;150.0;negócios, administração e direito;0.34
417;universidade do vale do rio dos sinos;história;18;1222;1250;644.0;educação;1.44
418;universidade do vale do rio dos sinos;jogos digitais;15;80675;1480;854.0;computação e tecnologias da informação e comunicação (tic);1.01
419;universidade do vale do rio dos sinos;jornalismo;31;27498;1990;1004.0;ciências sociais, comunicação e informação;1.56
420;universidade do vale do rio dos sinos;letras - inglês;5;40717;580;325.0;educação;0.86
421;universidade do vale do rio dos sinos;letras - português;3;40720;440;180.0;educação;0.68
422;universidade do vale do rio dos sinos;letras - português e alemão;4;31044;240;93.0;educação;1.67
423;universidade do vale do rio dos sinos;letras - português e espanhol;6;38439;410;193.0;educação;1.46
424;universidade do vale do rio dos sinos;letras português e inglês;6;29336;860;439.0;educação;0.7
425;universidade do vale do rio dos sinos;logística;12;96107;890;339.0;negócios, administração e direito;1.35
426;universidade do vale do rio dos sinos;matemática;22;38431;910;455.0;educação;2.42
427;universidade do vale do rio dos sinos;moda;1;1121615;370;149.0;artes e humanidades;0.27
428;universidade do vale do rio dos sinos;nutrição;26;1227;1710;814.0;saúde e bem-estar;1.52
429;universidade do vale do rio dos sinos;pedagogia;6;112239;1780;704.0;educação;0.34
430;universidade do vale do rio dos sinos;processos gerenciais;5;116202;700;272.0;negócios, administração e direito;0.71
431;universidade do vale do rio dos sinos;psicologia;86;106617;3460;1648.0;ciências sociais, comunicação e informação;2.49
432;universidade do vale do rio dos sinos;relações públicas;9;33262;860;421.0;negócios, administração e direito;1.05
433;universidade do vale do rio dos sinos;segurança da informação;17;80670;1460;818.0;computação e tecnologias da informação e comunicação (tic);1.16
434;universidade do vale do rio dos sinos;serviço social;13;1242;760;376.0;saúde e bem-estar;1.71
435;universidade do vale do rio dos sinos;sistemas de informação;9;1261;980;617.0;computação e tecnologias da informação e comunicação (tic);0.92
436;universidade feevale;administração;23;2081;7620;4073.0;negócios, administração e direito;0.3
437;universidade feevale;arquitetura e urbanismo;1;41780;2270;1091.0;engenharia, produção e construção;0.04
438;universidade feevale;artes visuais;14;58330;1280;656.0;educação;1.09
439;universidade feevale;biomedicina;5;39454;1260;604.0;saúde e bem-estar;0.4
440;universidade feevale;ciências contábeis;13;2082;2630;1149.0;negócios, administração e direito;0.49
441;universidade feevale;comunicação social - publicidade e propaganda;11;22995;1850;858.0;negócios, administração e direito;0.59
442;universidade feevale;comércio exterior;10;108356;1730;872.0;negócios, administração e direito;0.58
443;universidade feevale;construção de edifícios;3;120997;360;191.0;engenharia, produção e construção;0.83
444;universidade feevale;design;13;39663;1600;767.0;artes e humanidades;0.81
445;universidade feevale;direito;8;19963;5100;2142.0;negócios, administração e direito;0.16
446;universidade feevale;educação física;9;2086;3430;1796.0;educação;0.26
447;universidade feevale;enfermagem;16;39925;2610;1079.0;saúde e bem-estar;0.61
448;universidade feevale;engenharia de produção;5;45723;1400;793.0;engenharia, produção e construção;0.36
449;universidade feevale;engenharia eletrônica;5;39761;830;384.0;engenharia, produção e construção;0.6
450;universidade feevale;engenharia mecânica;19;1115864;2820;1421.0;engenharia, produção e construção;0.67
451;universidade feevale;engenharia química;18;1115483;2610;1145.0;engenharia, produção e construção;0.69
452;universidade feevale;farmácia;7;39975;1030;498.0;saúde e bem-estar;0.68
453;universidade feevale;fisioterapia;7;2089;1460;696.0;saúde e bem-estar;0.48
454;universidade feevale;gastronomia;11;1115885;950;427.0;serviços;1.16
455;universidade feevale;gestão ambiental;9;1115799;770;358.0;engenharia, produção e construção;1.17
456;universidade feevale;gestão da produção industrial;11;1149672;1210;513.0;negócios, administração e direito;0.91
457;universidade feevale;gestão de recursos humanos;3;108354;670;357.0;negócios, administração e direito;0.45
458;universidade feevale;gestão financeira;8;120995;1620;752.0;negócios, administração e direito;0.49
459;universidade feevale;gestão hospitalar;7;1115843;250;77.0;negócios, administração e direito;2.8
460;universidade feevale;história;8;42194;710;406.0;educação;1.13
461;universidade feevale;jogos digitais;7;108352;740;338.0;computação e tecnologias da informação e comunicação (tic);0.95
462;universidade feevale;jornalismo;12;45722;1280;610.0;ciências sociais, comunicação e informação;0.94
463;universidade feevale;letras - português e inglês;9;58205;1150;670.0;educação;0.78
464;universidade feevale;moda;4;58490;2690;1239.0;artes e humanidades;0.15
465;universidade feevale;nutrição;6;39745;930;459.0;saúde e bem-estar;0.65
466;universidade feevale;pedagogia;21;2085;1870;935.0;educação;1.12
467;universidade feevale;psicologia;1;53370;3120;1495.0;ciências sociais, comunicação e informação;0.03
468;universidade feevale;quiropraxia;13;39749;860;387.0;saúde e bem-estar;1.51
469;universidade feevale;relações públicas;12;31445;850;454.0;negócios, administração e direito;1.41
470;universidade feevale;sistemas de informação;4;58498;1030;543.0;computação e tecnologias da informação e comunicação (tic);0.39
471;universidade feevale;sistemas para internet;7;108358;870;449.0;computação e tecnologias da informação e comunicação (tic);0.8
472;universidade feevale;turismo;5;41161;960;511.0;serviços;0.52
473;universidade luterana do brasil;administração;65;8490;23860;16759.0;negócios, administração e direito;0.27
474;universidade luterana do brasil;agronomia;4;94183;1820;1396.0;agricultura, silvicultura, pesca e veterinária;0.22
475;universidade luterana do brasil;análise e desenvolvimento de sistemas;7;68029;2260;1310.0;computação e tecnologias da informação e comunicação (tic);0.31
476;universidade luterana do brasil;arquitetura e urbanismo;17;9275;4570;2708.0;engenharia, produção e construção;0.37
477;universidade luterana do brasil;artes visuais;9;66503;930;549.0;educação;0.97
478;universidade luterana do brasil;automação industrial;4;65549;1440;1141.0;engenharia, produção e construção;0.28
479;universidade luterana do brasil;biomedicina;12;65092;2400;1390.0;saúde e bem-estar;0.5
480;universidade luterana do brasil;ciência da computação;1;9302;2450;1886.0;computação e tecnologias da informação e comunicação (tic);0.04
481;universidade luterana do brasil;ciências biológicas;20;33566;4740;2989.0;educação;0.42
482;universidade luterana do brasil;ciências contábeis;16;9274;1540;987.0;negócios, administração e direito;1.04
483;universidade luterana do brasil;ciências econômicas;1;9282;560;384.0;ciências sociais, comunicação e informação;0.18
484;universidade luterana do brasil;ciências políticas;1;9322;660;465.0;ciências sociais, comunicação e informação;0.15
485;universidade luterana do brasil;comunicação social - publicidade e propaganda;7;26396;1280;878.0;negócios, administração e direito;0.55
486;universidade luterana do brasil;comunicação social - relações públicas;9;23575;360;170.0;negócios, administração e direito;2.5
487;universidade luterana do brasil;dança;5;99745;1000;671.0;artes e humanidades;0.5
488;universidade luterana do brasil;design;10;72840;1590;1030.0;artes e humanidades;0.63
489;universidade luterana do brasil;design de interiores;13;69206;1220;719.0;artes e humanidades;1.07
490;universidade luterana do brasil;design de moda;5;112316;1210;717.0;artes e humanidades;0.41
491;universidade luterana do brasil;design gráfico;6;100068;790;551.0;artes e humanidades;0.76
492;universidade luterana do brasil;direito;61;9292;21540;13717.0;negócios, administração e direito;0.28
493;universidade luterana do brasil;educação física;60;8483;16360;10112.0;educação;0.37
494;universidade luterana do brasil;educação nas organizações;2;104021;1430;954.0;educação;0.14
495;universidade luterana do brasil;enfermagem;17;9278;6040;3799.0;saúde e bem-estar;0.28
496;universidade luterana do brasil;engenharia ambiental e sanitária;9;9323;1570;1058.0;engenharia, produção e construção;0.57
497;universidade luterana do brasil;engenharia civil;14;9287;2390;1519.0;engenharia, produção e construção;0.59
498;universidade luterana do brasil;engenharia de produção;8;115774;1960;1327.0;engenharia, produção e construção;0.41
499;universidade luterana do brasil;engenharia elétrica;8;9307;1890;1428.0;engenharia, produção e construção;0.42
500;universidade luterana do brasil;engenharia mecânica;16;18499;3880;2495.0;engenharia, produção e construção;0.41
501;universidade luterana do brasil;engenharia mecânica automotiva;17;60280;1850;1362.0;engenharia, produção e construção;0.92
502;universidade luterana do brasil;engenharia química;14;9308;1470;736.0;engenharia, produção e construção;0.95
503;universidade luterana do brasil;estética e cosmética;9;70867;3640;2212.0;serviços;0.25
504;universidade luterana do brasil;farmácia;7;9301;1260;810.0;saúde e bem-estar;0.56
505;universidade luterana do brasil;fisioterapia;34;9309;4570;2441.0;saúde e bem-estar;0.74
506;universidade luterana do brasil;fonoaudiologia;2;9321;640;331.0;saúde e bem-estar;0.31
507;universidade luterana do brasil;fotografia;14;65571;1240;666.0;artes e humanidades;1.13
508;universidade luterana do brasil;física;8;59566;970;700.0;educação;0.82
509;universidade luterana do brasil;geografia;4;9293;910;449.0;educação;0.44
510;universidade luterana do brasil;gestão ambiental;2;102926;1150;849.0;engenharia, produção e construção;0.17
511;universidade luterana do brasil;gestão comercial;7;65577;600;410.0;negócios, administração e direito;1.17
512;universidade luterana do brasil;gestão da produção industrial;8;119908;1130;783.0;engenharia, produção e construção;0.71
513;universidade luterana do brasil;gestão de recursos humanos;12;65573;2970;1824.0;negócios, administração e direito;0.4
514;universidade luterana do brasil;gestão de segurança privada;7;65501;710;440.0;serviços;0.99
515;universidade luterana do brasil;história;29;9289;3450;2018.0;educação;0.84
516;universidade luterana do brasil;hotelaria;2;112318;350;150.0;serviços;0.57
517;universidade luterana do brasil;letras - espanhol;4;112386;260;189.0;educação;1.54
518;universidade luterana do brasil;letras - inglês;7;33596;960;640.0;educação;0.73
519;universidade luterana do brasil;letras - português;6;32941;2280;1377.0;educação;0.26
520;universidade luterana do brasil;logística;12;65551;3350;2172.0;negócios, administração e direito;0.36
521;universidade luterana do brasil;marketing;3;69202;940;665.0;negócios, administração e direito;0.32
522;universidade luterana do brasil;matemática;14;27598;3040;1932.0;educação;0.46
523;universidade luterana do brasil;medicina;23;9326;2610;597.0;saúde e bem-estar;0.88
524;universidade luterana do brasil;medicina veterinária;18;9317;3360;2080.0;agricultura, silvicultura, pesca e veterinária;0.54
525;universidade luterana do brasil;odontologia;25;9290;4010;1457.0;saúde e bem-estar;0.62
526;universidade luterana do brasil;pedagogia;48;8488;8810;4920.0;educação;0.54
527;universidade luterana do brasil;processos gerenciais;4;113542;790;493.0;negócios, administração e direito;0.51
528;universidade luterana do brasil;psicologia;20;26391;8740;5343.0;ciências sociais, comunicação e informação;0.23
529;universidade luterana do brasil;química;7;66507;880;506.0;educação;0.8
530;universidade luterana do brasil;química industrial;10;72854;2310;1604.0;ciências naturais, matemática e estatística;0.43
531;universidade luterana do brasil;radiologia;2;66518;540;276.0;saúde e bem-estar;0.37
532;universidade luterana do brasil;redes de computadores;5;65565;1350;1011.0;computação e tecnologias da informação e comunicação (tic);0.37
533;universidade luterana do brasil;secretariado executivo trilíngue;6;79950;1210;766.0;negócios, administração e direito;0.5
534;universidade luterana do brasil;serviço social;9;9276;3270;1923.0;saúde e bem-estar;0.28
535;universidade luterana do brasil;sistemas de informação;13;20971;4760;3242.0;computação e tecnologias da informação e comunicação (tic);0.27
536;universidade luterana do brasil;teologia;5;9318;1190;438.0;artes e humanidades;0.42
537;universidade regional do noroeste do estado do rio grande do sul;administração;67;10965;4390;2485.0;negócios, administração e direito;1.53
538;universidade regional do noroeste do estado do rio grande do sul;agronomia;21;10975;1220;532.0;agricultura, silvicultura, pesca e veterinária;1.72
539;universidade regional do noroeste do estado do rio grande do sul;ciência da computação;32;110974;1040;591.0;computação e tecnologias da informação e comunicação (tic);3.08
540;universidade regional do noroeste do estado do rio grande do sul;ciências biológicas;22;64194;730;415.0;educação;3.01
541;universidade regional do noroeste do estado do rio grande do sul;ciências contábeis;21;10966;1350;657.0;negócios, administração e direito;1.56
542;universidade regional do noroeste do estado do rio grande do sul;ciências econômicas;5;40948;390;227.0;ciências sociais, comunicação e informação;1.28
543;universidade regional do noroeste do estado do rio grande do sul;comunicação social - publicidade e propaganda;8;31822;380;139.0;negócios, administração e direito;2.11
544;universidade regional do noroeste do estado do rio grande do sul;design;15;64124;640;493.0;artes e humanidades;2.34
545;universidade regional do noroeste do estado do rio grande do sul;direito;81;10976;5780;2865.0;negócios, administração e direito;1.4
546;universidade regional do noroeste do estado do rio grande do sul;educação física;42;10981;2300;1086.0;educação;1.83
547;universidade regional do noroeste do estado do rio grande do sul;enfermagem;17;10967;670;297.0;saúde e bem-estar;2.54
548;universidade regional do noroeste do estado do rio grande do sul;engenharia civil;34;18508;2690;1386.0;engenharia, produção e construção;1.26
549;universidade regional do noroeste do estado do rio grande do sul;engenharia elétrica;26;10982;1720;929.0;engenharia, produção e construção;1.51
550;universidade regional do noroeste do estado do rio grande do sul;engenharia mecânica;21;10990;1230;707.0;engenharia, produção e construção;1.71
551;universidade regional do noroeste do estado do rio grande do sul;estética e cosmética;8;1112301;380;126.0;serviços;2.11
552;universidade regional do noroeste do estado do rio grande do sul;farmácia;18;18509;780;297.0;saúde e bem-estar;2.31
553;universidade regional do noroeste do estado do rio grande do sul;fisioterapia;11;20974;610;168.0;saúde e bem-estar;1.8
554;universidade regional do noroeste do estado do rio grande do sul;física;6;19021;230;102.0;educação;2.61
555;universidade regional do noroeste do estado do rio grande do sul;jornalismo;11;29585;500;245.0;ciências sociais, comunicação e informação;2.2
556;universidade regional do noroeste do estado do rio grande do sul;matemática;10;19026;240;116.0;educação;4.17
557;universidade regional do noroeste do estado do rio grande do sul;medicina veterinária;22;111008;1250;618.0;agricultura, silvicultura, pesca e veterinária;1.76
558;universidade regional do noroeste do estado do rio grande do sul;nutrição;16;10968;530;293.0;saúde e bem-estar;3.02
559;universidade regional do noroeste do estado do rio grande do sul;pedagogia;24;42088;1250;583.0;educação;1.92
560;universidade regional do noroeste do estado do rio grande do sul;psicologia;29;32224;1570;778.0;ciências sociais, comunicação e informação;1.85
561;universidade regional do noroeste do estado do rio grande do sul;química;9;64188;300;155.0;educação;3.0
562;universidade regional do noroeste do estado do rio grande do sul;relações públicas;11;28310;190;96.0;negócios, administração e direito;5.79
563;universidade regional do noroeste do estado do rio grande do sul;serviço social;11;67029;290;133.0;saúde e bem-estar;3.79
564;universidade regional integrada do alto uruguai e das missões;administração;62;8787;3590;1400.0;negócios, administração e direito;1.73
565;universidade regional integrada do alto uruguai e das missões;agronegócio;4;97185;150;66.0;agricultura, silvicultura, pesca e veterinária;2.67
566;universidade regional integrada do alto uruguai e das missões;agronomia;6;106130;930;244.0;agricultura, silvicultura, pesca e veterinária;0.65
567;universidade regional integrada do alto uruguai e das missões;arquitetura e urbanismo;5;49506;830;445.0;engenharia, produção e construção;0.6
568;universidade regional integrada do alto uruguai e das missões;ciência da computação;23;64020;900;455.0;computação e tecnologias da informação e comunicação (tic);2.56
569;universidade regional integrada do alto uruguai e das missões;ciências biológicas;21;8801;460;161.0;educação;4.57
570;universidade regional integrada do alto uruguai e das missões;ciências contábeis;39;8786;1550;672.0;negócios, administração e direito;2.52
571;universidade regional integrada do alto uruguai e das missões;direito;68;8810;5440;1572.0;negócios, administração e direito;1.25
572;universidade regional integrada do alto uruguai e das missões;educação física;25;64106;1420;498.0;educação;1.76
573;universidade regional integrada do alto uruguai e das missões;enfermagem;34;18494;870;262.0;saúde e bem-estar;3.91
574;universidade regional integrada do alto uruguai e das missões;engenharia agrícola;7;19342;240;88.0;agricultura, silvicultura, pesca e veterinária;2.92
575;universidade regional integrada do alto uruguai e das missões;engenharia civil;26;8784;1620;543.0;engenharia, produção e construção;1.6
576;universidade regional integrada do alto uruguai e das missões;engenharia de alimentos;7;8820;160;47.0;engenharia, produção e construção;4.38
577;universidade regional integrada do alto uruguai e das missões;engenharia mecânica;14;8785;2960;842.0;engenharia, produção e construção;0.47
578;universidade regional integrada do alto uruguai e das missões;farmácia;26;20106;610;175.0;saúde e bem-estar;4.26
579;universidade regional integrada do alto uruguai e das missões;filosofia;2;375044;90;90.0;artes e humanidades;2.22
580;universidade regional integrada do alto uruguai e das missões;fisioterapia;23;64164;520;187.0;saúde e bem-estar;4.42
581;universidade regional integrada do alto uruguai e das missões;matemática;14;8805;320;189.0;educação;4.38
582;universidade regional integrada do alto uruguai e das missões;nutrição;12;88810;400;97.0;saúde e bem-estar;3.0
583;universidade regional integrada do alto uruguai e das missões;odontologia;8;122800;570;110.0;saúde e bem-estar;1.4
584;universidade regional integrada do alto uruguai e das missões;pedagogia;26;8788;1460;629.0;educação;1.78
585;universidade regional integrada do alto uruguai e das missões;psicologia;30;49498;810;258.0;ciências sociais, comunicação e informação;3.7
586;universidade regional integrada do alto uruguai e das missões;química;12;64040;210;60.0;ciências naturais, matemática e estatística;5.71
587;universidade regional integrada do alto uruguai e das missões;serviço social;7;73206;150;47.0;saúde e bem-estar;4.67
588;universidade regional integrada do alto uruguai e das missões;sistemas de informação;5;88180;260;173.0;computação e tecnologias da informação e comunicação (tic);1.92
589;universidade regional integrada do alto uruguai e das missões;teologia;1;64110;40;22.0;artes e humanidades;2.5
