;instituicao;curso;qtd_bolsas;qtd_ingressantes;qtd_desistencias;grande_area;percentual_bolsas;taxa_desistencia_acumulada
0;centro universitario da serra gaucha;administracao;50;614;371;negocios, administracao e direito;8.14;60.42
1;centro universitario da serra gaucha;arquitetura e urbanismo;5;186;142;engenharia, producao e construcao;2.69;76.34
2;centro universitario da serra gaucha;biomedicina;3;163;156;saude e bem-estar;1.84;95.71
3;centro universitario da serra gaucha;ciencias contabeis;6;115;94;negocios, administracao e direito;5.22;81.74
4;centro universitario da serra gaucha;design;3;136;112;artes e humanidades;2.21;82.35
5;centro universitario da serra gaucha;direito;7;231;137;negocios, administracao e direito;3.03;59.31
6;centro universitario da serra gaucha;educacao fisica;7;176;133;educacao;3.98;75.57
7;centro universitario da serra gaucha;enfermagem;3;128;82;saude e bem-estar;2.34;64.06
8;centro universitario da serra gaucha;engenharia civil;5;134;102;engenharia, producao e construcao;3.73;76.12
9;centro universitario da serra gaucha;engenharia de producao;6;118;99;engenharia, producao e construcao;5.08;83.9
10;centro universitario da serra gaucha;fisioterapia;2;113;69;saude e bem-estar;1.77;61.06
11;centro universitario da serra gaucha;nutricao;6;96;72;saude e bem-estar;6.25;75.0
12;centro universitario da serra gaucha;odontologia;2;95;82;saude e bem-estar;2.11;86.32
13;centro universitario da serra gaucha;psicologia;6;245;137;ciencias sociais, comunicacao e informacao;2.45;55.92
14;centro universitario metodista;administracao;35;123;60;negocios, administracao e direito;28.46;48.78
15;centro universitario metodista;arquitetura e urbanismo;24;94;57;engenharia, producao e construcao;25.53;60.64
16;centro universitario metodista;biomedicina;22;62;31;saude e bem-estar;35.48;50.0
17;centro universitario metodista;ciencias contabeis;47;78;28;negocios, administracao e direito;60.26;35.9
18;centro universitario metodista;comunicacao social - publicidade e propaganda;27;56;35;negocios, administracao e direito;48.21;62.5
19;centro universitario metodista;design de interiores;6;77;33;artes e humanidades;7.79;42.86
20;centro universitario metodista;direito;66;182;83;negocios, administracao e direito;36.26;45.6
21;centro universitario metodista;educacao fisica;63;272;145;saude e bem-estar;23.16;53.31
22;centro universitario metodista;enfermagem;24;106;32;saude e bem-estar;22.64;30.19
23;centro universitario metodista;engenharia civil;21;106;63;engenharia, producao e construcao;19.81;59.43
24;centro universitario metodista;engenharia de producao;36;64;38;engenharia, producao e construcao;56.25;59.38
25;centro universitario metodista;farmacia;20;39;22;saude e bem-estar;51.28;56.41
26;centro universitario metodista;fisioterapia;69;186;93;saude e bem-estar;37.1;50.0
27;centro universitario metodista;fonoaudiologia;12;25;8;saude e bem-estar;48.0;32.0
28;centro universitario metodista;jornalismo;25;41;22;ciencias sociais, comunicacao e informacao;60.98;53.66
29;centro universitario metodista;musica;43;129;86;educacao;33.33;66.67
30;centro universitario metodista;nutricao;25;76;33;saude e bem-estar;32.89;43.42
31;centro universitario metodista;pedagogia;38;67;34;educacao;56.72;50.75
32;centro universitario metodista;psicologia;51;150;69;ciencias sociais, comunicacao e informacao;34.0;46.0
33;centro universitario metodista;servico social;27;38;22;saude e bem-estar;71.05;57.89
34;centro universitario metodista;turismo;26;41;23;servicos;63.41;56.1
35;centro universitario ritter dos reis;administracao;36;704;513;negocios, administracao e direito;5.11;72.87
36;centro universitario ritter dos reis;analise e desenvolvimento de sistemas;6;121;78;computacao e tecnologias da informacao e comunicacao (tic);4.96;64.46
37;centro universitario ritter dos reis;arquitetura e urbanismo;28;466;266;engenharia, producao e construcao;6.01;57.08
38;centro universitario ritter dos reis;biomedicina;15;108;64;saude e bem-estar;13.89;59.26
39;centro universitario ritter dos reis;ciencia da computacao;11;76;52;computacao e tecnologias da informacao e comunicacao (tic);14.47;68.42
40;centro universitario ritter dos reis;ciencias contabeis;6;231;171;negocios, administracao e direito;2.6;74.03
41;centro universitario ritter dos reis;comunicacao social - relacoes publicas;4;115;75;negocios, administracao e direito;3.48;65.22
42;centro universitario ritter dos reis;design de moda;8;118;64;artes e humanidades;6.78;54.24
43;centro universitario ritter dos reis;design de produto;2;38;13;artes e humanidades;5.26;34.21
44;centro universitario ritter dos reis;design grafico;3;86;37;artes e humanidades;3.49;43.02
45;centro universitario ritter dos reis;direito;48;1400;734;negocios, administracao e direito;3.43;52.43
46;centro universitario ritter dos reis;enfermagem;13;249;117;saude e bem-estar;5.22;46.99
47;centro universitario ritter dos reis;engenharia ambiental e sanitaria;5;64;37;engenharia, producao e construcao;7.81;57.81
48;centro universitario ritter dos reis;engenharia civil;27;493;272;engenharia, producao e construcao;5.48;55.17
49;centro universitario ritter dos reis;engenharia de controle e automacao;4;40;40;engenharia, producao e construcao;10.0;100.0
50;centro universitario ritter dos reis;engenharia de producao;4;91;71;engenharia, producao e construcao;4.4;78.02
51;centro universitario ritter dos reis;engenharia eletrica;4;90;48;engenharia, producao e construcao;4.44;53.33
52;centro universitario ritter dos reis;engenharia mecanica;8;204;135;engenharia, producao e construcao;3.92;66.18
53;centro universitario ritter dos reis;engenharia quimica;2;43;28;engenharia, producao e construcao;4.65;65.12
54;centro universitario ritter dos reis;farmacia;4;79;43;saude e bem-estar;5.06;54.43
55;centro universitario ritter dos reis;fisioterapia;9;143;91;saude e bem-estar;6.29;63.64
56;centro universitario ritter dos reis;gestao de recursos humanos;7;73;46;negocios, administracao e direito;9.59;63.01
57;centro universitario ritter dos reis;jogos digitais;7;128;86;computacao e tecnologias da informacao e comunicacao (tic);5.47;67.19
58;centro universitario ritter dos reis;jornalismo;9;164;97;ciencias sociais, comunicacao e informacao;5.49;59.15
59;centro universitario ritter dos reis;marketing;5;49;33;negocios, administracao e direito;10.2;67.35
60;centro universitario ritter dos reis;medicina veterinaria;28;614;270;agricultura, silvicultura, pesca e veterinaria;4.56;43.97
61;centro universitario ritter dos reis;nutricao;10;179;100;saude e bem-estar;5.59;55.87
62;centro universitario ritter dos reis;pedagogia;10;165;102;educacao;6.06;61.82
63;centro universitario ritter dos reis;psicologia;19;264;141;ciencias sociais, comunicacao e informacao;7.2;53.41
64;centro universitario ritter dos reis;publicidade e propaganda;11;202;121;negocios, administracao e direito;5.45;59.9
65;centro universitario ritter dos reis;relacoes internacionais;8;111;66;ciencias sociais, comunicacao e informacao;7.21;59.46
66;centro universitario uniftec;administracao;3;67;62;negocios, administracao e direito;4.48;92.54
67;centro universitario uniftec;analise e desenvolvimento de sistemas;2;52;43;computacao e tecnologias da informacao e comunicacao (tic);3.85;82.69
68;centro universitario uniftec;arquitetura e urbanismo;7;33;29;engenharia, producao e construcao;21.21;87.88
69;centro universitario uniftec;ciencias contabeis;2;33;20;negocios, administracao e direito;6.06;60.61
70;centro universitario uniftec;comercio exterior;6;30;18;negocios, administracao e direito;20.0;60.0
71;centro universitario uniftec;design de moda;2;30;21;artes e humanidades;6.67;70.0
72;centro universitario uniftec;design de produto;8;30;22;artes e humanidades;26.67;73.33
73;centro universitario uniftec;design grafico;5;28;18;artes e humanidades;17.86;64.29
74;centro universitario uniftec;engenharia civil;7;54;43;engenharia, producao e construcao;12.96;79.63
75;centro universitario uniftec;engenharia de computacao;6;42;37;engenharia, producao e construcao;14.29;88.1
76;centro universitario uniftec;engenharia de producao;8;75;66;engenharia, producao e construcao;10.67;88.0
77;centro universitario uniftec;engenharia eletrica;7;56;43;engenharia, producao e construcao;12.5;76.79
78;centro universitario uniftec;engenharia mecanica;13;121;100;engenharia, producao e construcao;10.74;82.64
79;centro universitario uniftec;gestao ambiental;3;24;20;engenharia, producao e construcao;12.5;83.33
80;centro universitario uniftec;gestao comercial;3;75;53;negocios, administracao e direito;4.0;70.67
81;centro universitario uniftec;gestao da qualidade;6;45;32;negocios, administracao e direito;13.33;71.11
82;centro universitario uniftec;gestao da tecnologia da informacao;4;33;19;computacao e tecnologias da informacao e comunicacao (tic);12.12;57.58
83;centro universitario uniftec;gestao de recursos humanos;4;94;60;negocios, administracao e direito;4.26;63.83
84;centro universitario uniftec;gestao financeira;5;42;26;negocios, administracao e direito;11.9;61.9
85;centro universitario uniftec;logistica;5;90;63;negocios, administracao e direito;5.56;70.0
86;centro universitario uniftec;marketing;4;35;26;negocios, administracao e direito;11.43;74.29
87;centro universitario uniftec;pilotagem profissional de aeronaves;2;26;21;servicos;7.69;80.77
88;centro universitario uniftec;processos gerenciais;11;63;40;negocios, administracao e direito;17.46;63.49
89;centro universitario uniftec;producao multimidia;7;33;16;artes e humanidades;21.21;48.48
90;centro universitario uniftec;redes de computadores;6;34;27;computacao e tecnologias da informacao e comunicacao (tic);17.65;79.41
91;faculdade america latina;administracao;2;24;24;negocios, administracao e direito;8.33;100.0
92;faculdade america latina;design;1;84;84;artes e humanidades;1.19;100.0
93;faculdade anglicana de erechim;administracao;2;43;24;negocios, administracao e direito;4.65;55.81
94;faculdade anglicana de erechim;ciencias contabeis;2;31;8;negocios, administracao e direito;6.45;25.81
95;faculdade anglicana de erechim;design;2;27;21;artes e humanidades;7.41;77.78
96;faculdade anglicana de erechim;eletronica industrial;2;26;21;engenharia, producao e construcao;7.69;80.77
97;faculdade anglicana de erechim;pedagogia;2;48;29;educacao;4.17;60.42
98;faculdade anhanguera de caxias do sul;administracao;11;94;77;negocios, administracao e direito;11.7;81.91
99;faculdade anhanguera de caxias do sul;ciencias contabeis;6;50;30;negocios, administracao e direito;12.0;60.0
100;faculdade anhanguera de caxias do sul;engenharia de producao;12;82;62;engenharia, producao e construcao;14.63;75.61
101;faculdade anhanguera de caxias do sul;servico social;4;31;27;saude e bem-estar;12.9;87.1
102;faculdade anhanguera de passo fundo;administracao;15;196;109;negocios, administracao e direito;7.65;55.61
103;faculdade anhanguera de passo fundo;ciencias contabeis;11;85;43;negocios, administracao e direito;12.94;50.59
104;faculdade anhanguera de passo fundo;direito;21;360;245;negocios, administracao e direito;5.83;68.06
105;faculdade anhanguera de passo fundo;gestao comercial;5;48;28;negocios, administracao e direito;10.42;58.33
106;faculdade anhanguera de passo fundo;gestao de recursos humanos;8;55;33;negocios, administracao e direito;14.55;60.0
107;faculdade anhanguera de pelotas;administracao;25;271;185;negocios, administracao e direito;9.23;68.27
108;faculdade anhanguera de pelotas;ciencias biologicas;12;71;42;educacao;16.9;59.15
109;faculdade anhanguera de pelotas;direito;20;304;209;negocios, administracao e direito;6.58;68.75
110;faculdade anhanguera de pelotas;educacao fisica;6;345;182;educacao;1.74;52.75
111;faculdade anhanguera de pelotas;enfermagem;26;365;196;saude e bem-estar;7.12;53.7
112;faculdade anhanguera de pelotas;engenharia de producao;12;105;82;engenharia, producao e construcao;11.43;78.1
113;faculdade anhanguera de pelotas;engenharia mecanica;29;237;167;engenharia, producao e construcao;12.24;70.46
114;faculdade anhanguera do rio grande;administracao;25;170;121;negocios, administracao e direito;14.71;71.18
115;faculdade anhanguera do rio grande;direito;28;115;71;negocios, administracao e direito;24.35;61.74
116;faculdade anhanguera do rio grande;enfermagem;19;89;62;saude e bem-estar;21.35;69.66
117;faculdade anhanguera do rio grande;engenharia de controle e automacao;14;96;76;engenharia, producao e construcao;14.58;79.17
118;faculdade anhanguera do rio grande;engenharia de producao;19;229;187;engenharia, producao e construcao;8.3;81.66
119;faculdade anhanguera do rio grande;engenharia mecanica;19;124;89;engenharia, producao e construcao;15.32;71.77
120;faculdade anhanguera do rio grande;fisioterapia;15;214;142;saude e bem-estar;7.01;66.36
121;faculdade anhanguera do rio grande;psicologia;19;154;88;ciencias sociais, comunicacao e informacao;12.34;57.14
122;faculdade antonio meneghetti;administracao;3;78;46;negocios, administracao e direito;3.85;58.97
123;faculdade antonio meneghetti;direito;7;72;39;negocios, administracao e direito;9.72;54.17
124;faculdade antonio meneghetti;sistema de informacao;6;35;28;computacao e tecnologias da informacao e comunicacao (tic);17.14;80.0
125;faculdade camaquense de ciencias contabeis e administrativas;administracao;4;26;20;negocios, administracao e direito;15.38;76.92
126;faculdade camaquense de ciencias contabeis e administrativas;ciencias contabeis;5;15;5;negocios, administracao e direito;33.33;33.33
127;faculdade camaquense de ciencias contabeis e administrativas;educacao fisica;9;36;22;saude e bem-estar;25.0;61.11
128;faculdade cnec farroupilha;administracao;6;33;21;negocios, administracao e direito;18.18;63.64
129;faculdade cnec farroupilha;direito;6;30;14;negocios, administracao e direito;20.0;46.67
130;faculdade cnec farroupilha;engenharia de producao;2;19;9;engenharia, producao e construcao;10.53;47.37
131;faculdade cnec farroupilha;gestao de recursos humanos;2;11;5;negocios, administracao e direito;18.18;45.45
132;faculdade cnec farroupilha;pedagogia;2;17;4;educacao;11.76;23.53
133;faculdade cnec farroupilha;processos gerenciais;2;23;11;negocios, administracao e direito;8.7;47.83
134;faculdade cnec gravatai;administracao;36;137;92;negocios, administracao e direito;26.28;67.15
135;faculdade cnec gravatai;ciencias contabeis;3;53;31;negocios, administracao e direito;5.66;58.49
136;faculdade cnec gravatai;direito;3;90;56;negocios, administracao e direito;3.33;62.22
137;faculdade cnec gravatai;gestao comercial;1;18;15;negocios, administracao e direito;5.56;83.33
138;faculdade cnec gravatai;gestao de producao industrial;1;28;21;negocios, administracao e direito;3.57;75.0
139;faculdade cnec gravatai;logistica;1;24;20;negocios, administracao e direito;4.17;83.33
140;faculdade de direito de santa maria;ciencias contabeis;20;66;38;negocios, administracao e direito;30.3;57.58
141;faculdade de direito de santa maria;direito;34;274;156;negocios, administracao e direito;12.41;56.93
142;faculdade de integracao do ensino superior do cone sul;administracao;4;49;34;negocios, administracao e direito;8.16;69.39
143;faculdade de integracao do ensino superior do cone sul;ciencias contabeis;4;29;14;negocios, administracao e direito;13.79;48.28
144;faculdade de integracao do ensino superior do cone sul;gestao comercial;6;35;13;negocios, administracao e direito;17.14;37.14
145;faculdade de integracao do ensino superior do cone sul;gestao de recursos humanos;4;38;12;negocios, administracao e direito;10.53;31.58
146;faculdade de tecnologia da serra gaucha - caxias do sul;analise e desenvolvimento de sistemas;1;21;16;computacao e tecnologias da informacao e comunicacao (tic);4.76;76.19
147;faculdade de tecnologia la salle - estrela;administracao;3;17;14;negocios, administracao e direito;17.65;82.35
148;faculdade de tecnologia la salle - estrela;agronegocio;3;13;7;agricultura, silvicultura, pesca e veterinaria;23.08;53.85
149;faculdade de tecnologia la salle - estrela;gestao ambiental;6;7;2;engenharia, producao e construcao;85.71;28.57
150;faculdade de tecnologia la salle - estrela;gestao financeira;5;10;3;negocios, administracao e direito;50.0;30.0
151;faculdade de tecnologia la salle - estrela;processos gerenciais;2;12;4;negocios, administracao e direito;16.67;33.33
152;faculdade dom alberto;administracao;21;160;120;negocios, administracao e direito;13.12;75.0
153;faculdade dom alberto;ciencias contabeis;13;87;51;negocios, administracao e direito;14.94;58.62
154;faculdade dom alberto;direito;8;153;101;negocios, administracao e direito;5.23;66.01
155;faculdade dom bosco de porto alegre;administracao;2;22;6;negocios, administracao e direito;9.09;27.27
156;faculdade dom bosco de porto alegre;ciencias contabeis;3;25;12;negocios, administracao e direito;12.0;48.0
157;faculdade dom bosco de porto alegre;direito;9;69;22;negocios, administracao e direito;13.04;31.88
158;faculdade dom bosco de porto alegre;engenharia ambiental e sanitaria;5;33;16;engenharia, producao e construcao;15.15;48.48
159;faculdade dom bosco de porto alegre;sistemas de informacao;3;17;7;computacao e tecnologias da informacao e comunicacao (tic);17.65;41.18
160;faculdade especializada na area de saude do rio grande do sul;odontologia;11;141;18;saude e bem-estar;7.8;12.77
161;faculdade estacio do rio grande do sul - estacio fargs;administracao;7;275;206;negocios, administracao e direito;2.55;74.91
162;faculdade estacio do rio grande do sul - estacio fargs;ciencias contabeis;2;60;46;negocios, administracao e direito;3.33;76.67
163;faculdade estacio do rio grande do sul - estacio fargs;direito;23;468;298;negocios, administracao e direito;4.91;63.68
164;faculdade estacio do rio grande do sul - estacio fargs;gestao financeira;1;6;6;negocios, administracao e direito;16.67;100.0
165;faculdade horizontina;ciencias economicas;3;48;35;ciencias sociais, comunicacao e informacao;6.25;72.92
166;faculdade horizontina;engenharia de producao;3;68;42;engenharia, producao e construcao;4.41;61.76
167;faculdade horizontina;engenharia mecanica;8;66;42;engenharia, producao e construcao;12.12;63.64
168;faculdade integrada de santa maria;administracao;18;107;64;negocios, administracao e direito;16.82;59.81
169;faculdade integrada de santa maria;enfermagem;17;173;86;saude e bem-estar;9.83;49.71
170;faculdade integrada de santa maria;psicologia;30;178;94;ciencias sociais, comunicacao e informacao;16.85;52.81
171;faculdade la salle - caxias;processos gerenciais;10;25;25;negocios, administracao e direito;40.0;100.0
172;faculdade meridional;arquitetura e urbanismo;22;283;165;engenharia, producao e construcao;7.77;58.3
173;faculdade meridional;direito;16;318;220;negocios, administracao e direito;5.03;69.18
174;faculdade meridional;engenharia civil;17;237;173;engenharia, producao e construcao;7.17;73.0
175;faculdade meridional;odontologia;11;91;42;saude e bem-estar;12.09;46.15
176;faculdade meridional;psicologia;21;248;153;ciencias sociais, comunicacao e informacao;8.47;61.69
177;faculdade meridional;sistema de informacao;1;59;50;computacao e tecnologias da informacao e comunicacao (tic);1.69;84.75
178;faculdade monteiro lobato;ciencias contabeis;2;38;21;negocios, administracao e direito;5.26;55.26
179;faculdade nossa senhora de fatima;administracao;6;44;36;negocios, administracao e direito;13.64;81.82
180;faculdade nossa senhora de fatima;enfermagem;18;88;55;saude e bem-estar;20.45;62.5
181;faculdade nossa senhora de fatima;fonoaudiologia;8;29;19;saude e bem-estar;27.59;65.52
182;faculdade nossa senhora de fatima;nutricao;7;24;11;saude e bem-estar;29.17;45.83
183;faculdade novo hamburgo;administracao;14;33;15;negocios, administracao e direito;42.42;45.45
184;faculdade novo hamburgo;psicologia;7;33;20;ciencias sociais, comunicacao e informacao;21.21;60.61
185;faculdade novo hamburgo;redes de computadores;8;15;10;computacao e tecnologias da informacao e comunicacao (tic);53.33;66.67
186;faculdade sao francisco de assis;administracao;10;102;76;negocios, administracao e direito;9.8;74.51
187;faculdade sao francisco de assis;arquitetura e urbanismo;2;57;48;engenharia, producao e construcao;3.51;84.21
188;faculdade sao francisco de assis;ciencia da computacao;3;51;43;computacao e tecnologias da informacao e comunicacao (tic);5.88;84.31
189;faculdade sao francisco de assis;ciencias contabeis;3;71;55;negocios, administracao e direito;4.23;77.46
190;faculdade sao francisco de assis;direito;6;73;51;negocios, administracao e direito;8.22;69.86
191;faculdade sao francisco de assis;psicologia;7;70;49;ciencias sociais, comunicacao e informacao;10.0;70.0
192;faculdade tres de maio;administracao;4;69;36;negocios, administracao e direito;5.8;52.17
193;faculdade tres de maio;agronomia;4;56;16;agricultura, silvicultura, pesca e veterinaria;7.14;28.57
194;faculdade tres de maio;design de moda;2;8;2;artes e humanidades;25.0;25.0
195;faculdade tres de maio;enfermagem;6;48;14;saude e bem-estar;12.5;29.17
196;faculdade tres de maio;engenharia de producao;5;53;32;engenharia, producao e construcao;9.43;60.38
197;faculdade tres de maio;pedagogia;2;20;9;educacao;10.0;45.0
198;faculdade tres de maio;psicologia;3;31;8;ciencias sociais, comunicacao e informacao;9.68;25.81
199;faculdade tres de maio;redes de computadores;2;18;12;computacao e tecnologias da informacao e comunicacao (tic);11.11;66.67
200;faculdade tres de maio;sistemas de informacao;2;15;9;computacao e tecnologias da informacao e comunicacao (tic);13.33;60.0
201;faculdades est;musicoterapia;3;18;15;saude e bem-estar;16.67;83.33
202;faculdades est;musica;6;46;43;educacao;13.04;93.48
203;faculdades est;teologia;4;92;26;artes e humanidades;4.35;28.26
204;faculdades integradas machado de assis;administracao;19;102;53;negocios, administracao e direito;18.63;51.96
205;faculdades integradas machado de assis;ciencias contabeis;22;91;34;negocios, administracao e direito;24.18;37.36
206;faculdades integradas machado de assis;direito;28;103;34;negocios, administracao e direito;27.18;33.01
207;faculdades integradas machado de assis;gestao da tecnologia da informacao;4;21;10;computacao e tecnologias da informacao e comunicacao (tic);19.05;47.62
208;faculdades integradas machado de assis;gestao de recursos humanos;6;48;20;negocios, administracao e direito;12.5;41.67
209;instituto superior de educacao ivoti;letras - lingua portuguesa;1;8;7;educacao;12.5;87.5
210;instituto superior de educacao ivoti;letras - portugues e alemao;3;16;7;educacao;18.75;43.75
211;instituto superior de educacao ivoti;musica;2;22;17;educacao;9.09;77.27
212;instituto superior de educacao ivoti;pedagogia;4;37;21;educacao;10.81;56.76
213;instituto superior de filosofia berthier;filosofia;6;32;23;artes e humanidades;18.75;71.88
214;pontificia universidade catolica do rio grande do sul;ciencias aeronauticas;3;62;18;servicos;4.84;29.03
215;pontificia universidade catolica do rio grande do sul;direito;16;909;336;negocios, administracao e direito;1.76;36.96
216;pontificia universidade catolica do rio grande do sul;engenharia de computacao;4;98;82;computacao e tecnologias da informacao e comunicacao (tic);4.08;83.67
217;pontificia universidade catolica do rio grande do sul;engenharia de controle e automacao;5;70;50;engenharia, producao e construcao;7.14;71.43
218;pontificia universidade catolica do rio grande do sul;engenharia de producao;2;143;73;engenharia, producao e construcao;1.4;51.05
219;pontificia universidade catolica do rio grande do sul;engenharia quimica;6;106;66;engenharia, producao e construcao;5.66;62.26
220;pontificia universidade catolica do rio grande do sul;historia;3;138;65;educacao;2.17;47.1
221;pontificia universidade catolica do rio grande do sul;jornalismo;1;156;57;ciencias sociais, comunicacao e informacao;0.64;36.54
222;pontificia universidade catolica do rio grande do sul;matematica;1;34;22;educacao;2.94;64.71
223;pontificia universidade catolica do rio grande do sul;medicina;7;78;3;saude e bem-estar;8.97;3.85
224;pontificia universidade catolica do rio grande do sul;odontologia;7;76;12;saude e bem-estar;9.21;15.79
225;pontificia universidade catolica do rio grande do sul;producao audiovisual;3;55;16;artes e humanidades;5.45;29.09
226;pontificia universidade catolica do rio grande do sul;psicologia;13;345;124;ciencias sociais, comunicacao e informacao;3.77;35.94
227;pontificia universidade catolica do rio grande do sul;teologia;4;35;12;artes e humanidades;11.43;34.29
228;universidade catolica de pelotas;administracao;63;83;40;negocios, administracao e direito;75.9;48.19
229;universidade catolica de pelotas;arquitetura e urbanismo;22;83;38;engenharia, producao e construcao;26.51;45.78
230;universidade catolica de pelotas;ciencias contabeis;30;52;17;negocios, administracao e direito;57.69;32.69
231;universidade catolica de pelotas;comunicacao social - publicidade e propaganda;19;35;16;negocios, administracao e direito;54.29;45.71
233;universidade catolica de pelotas;direito;80;243;105;negocios, administracao e direito;32.92;43.21
234;universidade catolica de pelotas;enfermagem;44;49;23;saude e bem-estar;89.8;46.94
235;universidade catolica de pelotas;engenharia civil;25;105;54;engenharia, producao e construcao;23.81;51.43
236;universidade catolica de pelotas;engenharia eletrica;29;42;27;engenharia, producao e construcao;69.05;64.29
237;universidade catolica de pelotas;farmacia;20;55;19;saude e bem-estar;36.36;34.55
239;universidade catolica de pelotas;fisioterapia;30;60;22;saude e bem-estar;50.0;36.67
240;universidade catolica de pelotas;jornalismo;15;36;13;ciencias sociais, comunicacao e informacao;41.67;36.11
241;universidade catolica de pelotas;letras - lingua portuguesa;35;37;15;educacao;94.59;40.54
242;universidade catolica de pelotas;medicina;10;94;10;saude e bem-estar;10.64;10.64
243;universidade catolica de pelotas;pedagogia;38;47;13;educacao;80.85;27.66
244;universidade catolica de pelotas;producao fonografica;22;48;21;artes e humanidades;45.83;43.75
245;universidade catolica de pelotas;psicologia;26;96;50;ciencias sociais, comunicacao e informacao;27.08;52.08
246;universidade catolica de pelotas;servico social;36;41;16;saude e bem-estar;87.8;39.02
247;universidade de caxias do sul;administracao;198;1068;640;negocios, administracao e direito;18.54;59.93
248;universidade de caxias do sul;agronomia;33;156;77;agricultura, silvicultura, pesca e veterinaria;21.15;49.36
249;universidade de caxias do sul;analise e desenvolvimento de sistemas;1;32;22;computacao e tecnologias da informacao e comunicacao (tic);3.12;68.75
250;universidade de caxias do sul;arquitetura e urbanismo;53;283;192;engenharia, producao e construcao;18.73;67.84
251;universidade de caxias do sul;artes visuais;22;51;33;educacao;43.14;64.71
252;universidade de caxias do sul;automacao industrial;9;38;31;engenharia, producao e construcao;23.68;81.58
253;universidade de caxias do sul;ciencia da computacao;16;125;94;computacao e tecnologias da informacao e comunicacao (tic);12.8;75.2
254;universidade de caxias do sul;ciencias biologicas;56;111;68;educacao;50.45;61.26
255;universidade de caxias do sul;ciencias contabeis;102;396;182;negocios, administracao e direito;25.76;45.96
256;universidade de caxias do sul;ciencias economicas;9;93;43;ciencias sociais, comunicacao e informacao;9.68;46.24
257;universidade de caxias do sul;comunicacao social - publicidade e propaganda;14;101;61;negocios, administracao e direito;13.86;60.4
258;universidade de caxias do sul;comercio internacional;27;182;97;negocios, administracao e direito;14.84;53.3
259;universidade de caxias do sul;design;22;129;82;artes e humanidades;17.05;63.57
260;universidade de caxias do sul;design de interiores;13;45;34;artes e humanidades;28.89;75.56
261;universidade de caxias do sul;design de moda;7;70;42;artes e humanidades;10.0;60.0
262;universidade de caxias do sul;direito;169;1187;579;negocios, administracao e direito;14.24;48.78
263;universidade de caxias do sul;educacao fisica;99;345;216;educacao;28.7;62.61
264;universidade de caxias do sul;enfermagem;19;66;38;saude e bem-estar;28.79;57.58
265;universidade de caxias do sul;engenharia ambiental;12;66;55;engenharia, producao e construcao;18.18;83.33
266;universidade de caxias do sul;engenharia automotiva;11;55;44;engenharia, producao e construcao;20.0;80.0
267;universidade de caxias do sul;engenharia civil;48;347;212;engenharia, producao e construcao;13.83;61.1
268;universidade de caxias do sul;engenharia de alimentos;1;9;4;engenharia, producao e construcao;11.11;44.44
269;universidade de caxias do sul;engenharia de computacao;12;54;47;engenharia, producao e construcao;22.22;87.04
270;universidade de caxias do sul;engenharia de controle e automacao;7;71;56;engenharia, producao e construcao;9.86;78.87
271;universidade de caxias do sul;engenharia de producao;37;261;209;engenharia, producao e construcao;14.18;80.08
272;universidade de caxias do sul;engenharia eletronica;13;36;25;engenharia, producao e construcao;36.11;69.44
273;universidade de caxias do sul;engenharia eletrica;28;138;105;engenharia, producao e construcao;20.29;76.09
274;universidade de caxias do sul;engenharia mecanica;62;455;286;engenharia, producao e construcao;13.63;62.86
275;universidade de caxias do sul;engenharia quimica;17;96;53;engenharia, producao e construcao;17.71;55.21
276;universidade de caxias do sul;estetica e cosmetica;17;65;45;servicos;26.15;69.23
277;universidade de caxias do sul;farmacia;19;52;29;saude e bem-estar;36.54;55.77
278;universidade de caxias do sul;fisioterapia;19;96;58;saude e bem-estar;19.79;60.42
279;universidade de caxias do sul;fotografia;14;82;59;artes e humanidades;17.07;71.95
280;universidade de caxias do sul;gastronomia;17;71;42;servicos;23.94;59.15
281;universidade de caxias do sul;gestao comercial;11;64;45;negocios, administracao e direito;17.19;70.31
282;universidade de caxias do sul;gestao da qualidade;15;65;40;negocios, administracao e direito;23.08;61.54
283;universidade de caxias do sul;gestao de recursos humanos;29;132;72;negocios, administracao e direito;21.97;54.55
284;universidade de caxias do sul;historia;25;92;46;educacao;27.17;50.0
285;universidade de caxias do sul;letras - ingles;1;36;24;educacao;2.78;66.67
286;universidade de caxias do sul;letras - lingua portuguesa;60;61;38;educacao;98.36;62.3
287;universidade de caxias do sul;marketing;15;66;32;negocios, administracao e direito;22.73;48.48
288;universidade de caxias do sul;matematica;21;47;43;educacao;44.68;91.49
289;universidade de caxias do sul;medicina;9;109;14;saude e bem-estar;8.26;12.84
290;universidade de caxias do sul;medicina veterinaria;21;336;151;agricultura, silvicultura, pesca e veterinaria;6.25;44.94
291;universidade de caxias do sul;musica;2;48;26;educacao;4.17;54.17
292;universidade de caxias do sul;nutricao;24;125;64;saude e bem-estar;19.2;51.2
293;universidade de caxias do sul;pedagogia;84;183;101;educacao;45.9;55.19
294;universidade de caxias do sul;polimeros;3;12;6;engenharia, producao e construcao;25.0;50.0
295;universidade de caxias do sul;processos gerenciais;5;54;27;negocios, administracao e direito;9.26;50.0
296;universidade de caxias do sul;psicologia;42;264;146;ciencias sociais, comunicacao e informacao;15.91;55.3
297;universidade de caxias do sul;quimica;1;14;8;ciencias naturais, matematica e estatistica;7.14;57.14
298;universidade de caxias do sul;radiologia;1;21;13;saude e bem-estar;4.76;61.9
299;universidade de caxias do sul;servico social;22;60;40;saude e bem-estar;36.67;66.67
300;universidade de caxias do sul;tecnologias digitais;10;55;49;computacao e tecnologias da informacao e comunicacao (tic);18.18;89.09
301;universidade de caxias do sul;turismo;1;23;13;servicos;4.35;56.52
302;universidade de cruz alta;administracao;6;57;23;negocios, administracao e direito;10.53;40.35
303;universidade de cruz alta;agronomia;13;186;70;agricultura, silvicultura, pesca e veterinaria;6.99;37.63
304;universidade de cruz alta;arquitetura e urbanismo;7;92;56;engenharia, producao e construcao;7.61;60.87
305;universidade de cruz alta;biomedicina;7;29;11;saude e bem-estar;24.14;37.93
306;universidade de cruz alta;ciencia da computacao;12;28;13;computacao e tecnologias da informacao e comunicacao (tic);42.86;46.43
307;universidade de cruz alta;ciencias contabeis;10;28;11;negocios, administracao e direito;35.71;39.29
308;universidade de cruz alta;direito;6;146;46;negocios, administracao e direito;4.11;31.51
309;universidade de cruz alta;educacao fisica;14;46;20;educacao;30.43;43.48
310;universidade de cruz alta;enfermagem;14;59;22;saude e bem-estar;23.73;37.29
311;universidade de cruz alta;estetica e cosmetica;14;38;19;servicos;36.84;50.0
312;universidade de cruz alta;farmacia;10;25;7;saude e bem-estar;40.0;28.0
313;universidade de cruz alta;fisioterapia;12;56;20;saude e bem-estar;21.43;35.71
314;universidade de cruz alta;jornalismo;11;26;9;ciencias sociais, comunicacao e informacao;42.31;34.62
315;universidade de cruz alta;medicina veterinaria;15;108;40;agricultura, silvicultura, pesca e veterinaria;13.89;37.04
316;universidade de passo fundo;administracao;247;525;297;negocios, administracao e direito;47.05;56.57
317;universidade de passo fundo;agronegocio;8;22;16;agricultura, silvicultura, pesca e veterinaria;36.36;72.73
318;universidade de passo fundo;agronomia;30;171;68;agricultura, silvicultura, pesca e veterinaria;17.54;39.77
319;universidade de passo fundo;analise e desenvolvimento de sistemas;50;96;64;computacao e tecnologias da informacao e comunicacao (tic);52.08;66.67
320;universidade de passo fundo;arquitetura e urbanismo;14;116;53;engenharia, producao e construcao;12.07;45.69
321;universidade de passo fundo;artes visuais;13;51;29;educacao;25.49;56.86
322;universidade de passo fundo;ciencia da computacao;34;65;41;computacao e tecnologias da informacao e comunicacao (tic);52.31;63.08
323;universidade de passo fundo;ciencias biologicas;18;73;42;ciencias naturais, matematica e estatistica;24.66;57.53
324;universidade de passo fundo;ciencias contabeis;212;332;139;negocios, administracao e direito;63.86;41.87
325;universidade de passo fundo;ciencias economicas;17;37;20;ciencias sociais, comunicacao e informacao;45.95;54.05
326;universidade de passo fundo;comercio exterior;15;41;23;negocios, administracao e direito;36.59;56.1
327;universidade de passo fundo;design de moda;18;46;16;artes e humanidades;39.13;34.78
328;universidade de passo fundo;design de produto;12;33;14;artes e humanidades;36.36;42.42
329;universidade de passo fundo;design grafico;8;62;37;artes e humanidades;12.9;59.68
330;universidade de passo fundo;direito;124;487;212;negocios, administracao e direito;25.46;43.53
331;universidade de passo fundo;educacao fisica;55;281;147;educacao;19.57;52.31
332;universidade de passo fundo;enfermagem;34;71;40;saude e bem-estar;47.89;56.34
333;universidade de passo fundo;engenharia civil;34;232;131;engenharia, producao e construcao;14.66;56.47
334;universidade de passo fundo;engenharia de alimentos;26;31;23;engenharia, producao e construcao;83.87;74.19
335;universidade de passo fundo;engenharia de producao;51;145;87;engenharia, producao e construcao;35.17;60.0
336;universidade de passo fundo;engenharia eletrica;27;100;65;engenharia, producao e construcao;27.0;65.0
337;universidade de passo fundo;engenharia mecanica;57;248;167;engenharia, producao e construcao;22.98;67.34
338;universidade de passo fundo;engenharia quimica;5;43;17;engenharia, producao e construcao;11.63;39.53
339;universidade de passo fundo;estetica e cosmetica;18;107;32;servicos;16.82;29.91
340;universidade de passo fundo;fabricacao mecanica;44;77;65;engenharia, producao e construcao;57.14;84.42
341;universidade de passo fundo;farmacia;12;28;6;saude e bem-estar;42.86;21.43
342;universidade de passo fundo;filosofia;13;21;11;educacao;61.9;52.38
343;universidade de passo fundo;fisioterapia;15;68;18;saude e bem-estar;22.06;26.47
344;universidade de passo fundo;fonoaudiologia;4;45;11;saude e bem-estar;8.89;24.44
345;universidade de passo fundo;fisica;10;30;20;educacao;33.33;66.67
346;universidade de passo fundo;gestao comercial;14;32;12;negocios, administracao e direito;43.75;37.5
347;universidade de passo fundo;gestao de recursos humanos;10;43;23;negocios, administracao e direito;23.26;53.49
348;universidade de passo fundo;historia;7;67;40;educacao;10.45;59.7
349;universidade de passo fundo;jornalismo;34;86;39;ciencias sociais, comunicacao e informacao;39.53;45.35
350;universidade de passo fundo;letras - portugues e espanhol;17;33;21;educacao;51.52;63.64
351;universidade de passo fundo;logistica;15;35;17;negocios, administracao e direito;42.86;48.57
352;universidade de passo fundo;matematica;18;39;26;educacao;46.15;66.67
353;universidade de passo fundo;medicina;17;102;13;saude e bem-estar;16.67;12.75
354;universidade de passo fundo;medicina veterinaria;15;116;38;agricultura, silvicultura, pesca e veterinaria;12.93;32.76
355;universidade de passo fundo;musica;4;53;33;educacao;7.55;62.26
356;universidade de passo fundo;musica - canto;2;10;9;artes e humanidades;20.0;90.0
357;universidade de passo fundo;nutricao;9;50;17;saude e bem-estar;18.0;34.0
358;universidade de passo fundo;odontologia;22;104;29;saude e bem-estar;21.15;27.88
359;universidade de passo fundo;pedagogia;24;194;94;educacao;12.37;48.45
360;universidade de passo fundo;psicologia;33;132;47;ciencias sociais, comunicacao e informacao;25.0;35.61
361;universidade de passo fundo;quimica;35;68;37;ciencias naturais, matematica e estatistica;51.47;54.41
362;universidade de passo fundo;secretariado executivo;12;19;8;negocios, administracao e direito;63.16;42.11
363;universidade de passo fundo;servico social;21;49;29;saude e bem-estar;42.86;59.18
364;universidade de passo fundo;sistemas para internet;16;25;20;computacao e tecnologias da informacao e comunicacao (tic);64.0;80.0
365;universidade de santa cruz do sul;administracao;20;362;198;negocios, administracao e direito;5.52;54.7
366;universidade de santa cruz do sul;arquitetura e urbanismo;3;67;37;engenharia, producao e construcao;4.48;55.22
367;universidade de santa cruz do sul;ciencia da computacao;8;126;102;computacao e tecnologias da informacao e comunicacao (tic);6.35;80.95
368;universidade de santa cruz do sul;ciencias biologicas;1;77;47;educacao;1.3;61.04
369;universidade de santa cruz do sul;ciencias contabeis;9;138;53;negocios, administracao e direito;6.52;38.41
370;universidade de santa cruz do sul;ciencias economicas;1;34;23;ciencias sociais, comunicacao e informacao;2.94;67.65
371;universidade de santa cruz do sul;computacao;2;25;22;educacao;8.0;88.0
372;universidade de santa cruz do sul;comunicacao social -radialismo - producao em midia audiovisual;1;39;20;ciencias sociais, comunicacao e informacao;2.56;51.28
373;universidade de santa cruz do sul;direito;33;444;194;negocios, administracao e direito;7.43;43.69
374;universidade de santa cruz do sul;educacao fisica;10;249;169;educacao;4.02;67.87
375;universidade de santa cruz do sul;enfermagem;9;124;65;saude e bem-estar;7.26;52.42
376;universidade de santa cruz do sul;engenharia agricola;3;53;35;agricultura, silvicultura, pesca e veterinaria;5.66;66.04
377;universidade de santa cruz do sul;engenharia ambiental;4;93;71;engenharia, producao e construcao;4.3;76.34
378;universidade de santa cruz do sul;engenharia civil;5;138;63;engenharia, producao e construcao;3.62;45.65
379;universidade de santa cruz do sul;engenharia de computacao;4;54;44;computacao e tecnologias da informacao e comunicacao (tic);7.41;81.48
380;universidade de santa cruz do sul;engenharia de producao;3;122;92;engenharia, producao e construcao;2.46;75.41
381;universidade de santa cruz do sul;engenharia eletrica;4;77;49;engenharia, producao e construcao;5.19;63.64
382;universidade de santa cruz do sul;engenharia mecanica;5;109;77;engenharia, producao e construcao;4.59;70.64
383;universidade de santa cruz do sul;engenharia quimica;2;19;13;engenharia, producao e construcao;10.53;68.42
384;universidade de santa cruz do sul;estetica e cosmetica;11;40;14;servicos;27.5;35.0
385;universidade de santa cruz do sul;farmacia;6;66;27;saude e bem-estar;9.09;40.91
386;universidade de santa cruz do sul;fisioterapia;6;98;53;saude e bem-estar;6.12;54.08
387;universidade de santa cruz do sul;fotografia;1;27;9;artes e humanidades;3.7;33.33
388;universidade de santa cruz do sul;fisica;4;31;22;educacao;12.9;70.97
389;universidade de santa cruz do sul;gastronomia;6;54;18;servicos;11.11;33.33
390;universidade de santa cruz do sul;geografia;1;13;7;educacao;7.69;53.85
391;universidade de santa cruz do sul;historia;3;55;24;educacao;5.45;43.64
392;universidade de santa cruz do sul;jornalismo;2;51;33;ciencias sociais, comunicacao e informacao;3.92;64.71
393;universidade de santa cruz do sul;letras - portugues;3;18;11;educacao;16.67;61.11
394;universidade de santa cruz do sul;letras - portugues e espanhol;3;20;8;educacao;15.0;40.0
395;universidade de santa cruz do sul;letras - portugues e ingles;3;32;17;educacao;9.38;53.12
396;universidade de santa cruz do sul;matematica;1;26;13;educacao;3.85;50.0
397;universidade de santa cruz do sul;medicina;5;79;11;saude e bem-estar;6.33;13.92
398;universidade de santa cruz do sul;nutricao;3;68;41;saude e bem-estar;4.41;60.29
399;universidade de santa cruz do sul;odontologia;10;59;8;saude e bem-estar;16.95;13.56
400;universidade de santa cruz do sul;pedagogia;7;102;53;educacao;6.86;51.96
401;universidade de santa cruz do sul;psicologia;6;129;77;ciencias sociais, comunicacao e informacao;4.65;59.69
402;universidade de santa cruz do sul;quimica;5;66;43;educacao;7.58;65.15
403;universidade de santa cruz do sul;relacoes internacionais;2;53;33;ciencias sociais, comunicacao e informacao;3.77;62.26
404;universidade de santa cruz do sul;relacoes publicas;2;33;21;negocios, administracao e direito;6.06;63.64
405;universidade de santa cruz do sul;secretariado executivo;1;27;19;negocios, administracao e direito;3.7;70.37
406;universidade de santa cruz do sul;servico social;1;30;14;saude e bem-estar;3.33;46.67
407;universidade de santa cruz do sul;turismo;2;15;10;servicos;13.33;66.67
408;universidade do vale do rio dos sinos;administracao;77;619;462;negocios, administracao e direito;12.44;74.64
409;universidade do vale do rio dos sinos;analise e desenvolvimento de sistemas;23;187;166;computacao e tecnologias da informacao e comunicacao (tic);12.3;88.77
410;universidade do vale do rio dos sinos;arquitetura e urbanismo;52;439;308;engenharia, producao e construcao;11.85;70.16
411;universidade do vale do rio dos sinos;biomedicina;14;87;60;saude e bem-estar;16.09;68.97
412;universidade do vale do rio dos sinos;ciencia da computacao;12;161;126;computacao e tecnologias da informacao e comunicacao (tic);7.45;78.26
413;universidade do vale do rio dos sinos;ciencias biologicas;18;225;165;educacao;8.0;73.33
414;universidade do vale do rio dos sinos;ciencias contabeis;15;150;110;negocios, administracao e direito;10.0;73.33
415;universidade do vale do rio dos sinos;ciencias economicas;8;62;47;ciencias sociais, comunicacao e informacao;12.9;75.81
416;universidade do vale do rio dos sinos;ciencias sociais;2;11;11;educacao;18.18;100.0
417;universidade do vale do rio dos sinos;comunicacao social - publicidade e propaganda;24;190;151;negocios, administracao e direito;12.63;79.47
418;universidade do vale do rio dos sinos;design;2;26;11;artes e humanidades;7.69;42.31
419;universidade do vale do rio dos sinos;design de produto;4;27;18;artes e humanidades;14.81;66.67
420;universidade do vale do rio dos sinos;direito;60;739;475;negocios, administracao e direito;8.12;64.28
421;universidade do vale do rio dos sinos;educacao fisica;40;411;303;educacao;9.73;73.72
422;universidade do vale do rio dos sinos;enfermagem;21;155;106;saude e bem-estar;13.55;68.39
423;universidade do vale do rio dos sinos;engenharia ambiental;8;92;80;engenharia, producao e construcao;8.7;86.96
424;universidade do vale do rio dos sinos;engenharia cartografica e de agrimensura;6;41;17;engenharia, producao e construcao;14.63;41.46
425;universidade do vale do rio dos sinos;engenharia civil;59;491;347;engenharia, producao e construcao;12.02;70.67
426;universidade do vale do rio dos sinos;engenharia da computacao;6;98;79;engenharia, producao e construcao;6.12;80.61
427;universidade do vale do rio dos sinos;engenharia de alimentos;4;45;38;engenharia, producao e construcao;8.89;84.44
428;universidade do vale do rio dos sinos;engenharia de controle e automacao;12;81;74;engenharia, producao e construcao;14.81;91.36
429;universidade do vale do rio dos sinos;engenharia de energia;8;32;22;engenharia, producao e construcao;25.0;68.75
430;universidade do vale do rio dos sinos;engenharia de materiais;6;37;30;engenharia, producao e construcao;16.22;81.08
431;universidade do vale do rio dos sinos;engenharia de producao;38;300;249;engenharia, producao e construcao;12.67;83.0
432;universidade do vale do rio dos sinos;engenharia eletronica;8;48;43;engenharia, producao e construcao;16.67;89.58
433;universidade do vale do rio dos sinos;engenharia eletrica;12;205;164;engenharia, producao e construcao;5.85;80.0
434;universidade do vale do rio dos sinos;engenharia mecanica;84;412;349;engenharia, producao e construcao;20.39;84.71
435;universidade do vale do rio dos sinos;engenharia quimica;11;125;79;engenharia, producao e construcao;8.8;63.2
436;universidade do vale do rio dos sinos;farmacia;5;51;38;saude e bem-estar;9.8;74.51
437;universidade do vale do rio dos sinos;filosofia;1;52;41;educacao;1.92;78.85
438;universidade do vale do rio dos sinos;fisioterapia;13;107;77;saude e bem-estar;12.15;71.96
439;universidade do vale do rio dos sinos;fotografia;6;63;45;artes e humanidades;9.52;71.43
440;universidade do vale do rio dos sinos;fisica;5;31;26;educacao;16.13;83.87
441;universidade do vale do rio dos sinos;gastronomia;7;105;44;servicos;6.67;41.9
442;universidade do vale do rio dos sinos;geologia;17;120;77;ciencias naturais, matematica e estatistica;14.17;64.17
443;universidade do vale do rio dos sinos;gestao ambiental;8;41;37;engenharia, producao e construcao;19.51;90.24
444;universidade do vale do rio dos sinos;gestao comercial;8;94;70;negocios, administracao e direito;8.51;74.47
445;universidade do vale do rio dos sinos;gestao da producao industrial;6;90;65;negocios, administracao e direito;6.67;72.22
446;universidade do vale do rio dos sinos;gestao de recursos humanos;12;96;61;negocios, administracao e direito;12.5;63.54
447;universidade do vale do rio dos sinos;gestao financeira;4;65;39;negocios, administracao e direito;6.15;60.0
448;universidade do vale do rio dos sinos;historia;5;100;76;educacao;5.0;76.0
449;universidade do vale do rio dos sinos;jogos digitais;23;152;126;computacao e tecnologias da informacao e comunicacao (tic);15.13;82.89
450;universidade do vale do rio dos sinos;jornalismo;20;182;138;ciencias sociais, comunicacao e informacao;10.99;75.82
451;universidade do vale do rio dos sinos;letras - ingles;3;61;47;educacao;4.92;77.05
452;universidade do vale do rio dos sinos;letras - portugues;3;32;25;educacao;9.38;78.12
453;universidade do vale do rio dos sinos;letras - portugues e espanhol;1;19;13;educacao;5.26;68.42
454;universidade do vale do rio dos sinos;letras portugues e ingles;1;73;50;educacao;1.37;68.49
455;universidade do vale do rio dos sinos;logistica;14;49;28;negocios, administracao e direito;28.57;57.14
456;universidade do vale do rio dos sinos;matematica;8;74;64;educacao;10.81;86.49
457;universidade do vale do rio dos sinos;moda;4;68;45;artes e humanidades;5.88;66.18
458;universidade do vale do rio dos sinos;nutricao;32;247;157;saude e bem-estar;12.96;63.56
459;universidade do vale do rio dos sinos;pedagogia;2;131;88;educacao;1.53;67.18
460;universidade do vale do rio dos sinos;processos gerenciais;5;68;43;negocios, administracao e direito;7.35;63.24
461;universidade do vale do rio dos sinos;producao fonografica;5;57;33;artes e humanidades;8.77;57.89
462;universidade do vale do rio dos sinos;psicologia;23;406;320;ciencias sociais, comunicacao e informacao;5.67;78.82
463;universidade do vale do rio dos sinos;relacoes internacionais;2;22;8;ciencias sociais, comunicacao e informacao;9.09;36.36
464;universidade do vale do rio dos sinos;relacoes publicas;11;70;44;negocios, administracao e direito;15.71;62.86
465;universidade do vale do rio dos sinos;seguranca da informacao;26;103;92;computacao e tecnologias da informacao e comunicacao (tic);25.24;89.32
466;universidade do vale do rio dos sinos;servico social;12;62;45;saude e bem-estar;19.35;72.58
467;universidade do vale do rio dos sinos;sistemas de informacao;7;61;52;computacao e tecnologias da informacao e comunicacao (tic);11.48;85.25
468;universidade feevale;administracao;122;493;309;negocios, administracao e direito;24.75;62.68
469;universidade feevale;arquitetura e urbanismo;37;249;180;engenharia, producao e construcao;14.86;72.29
470;universidade feevale;artes visuais;19;106;85;educacao;17.92;80.19
471;universidade feevale;biomedicina;24;72;31;saude e bem-estar;33.33;43.06
472;universidade feevale;ciencia da computacao;16;82;61;computacao e tecnologias da informacao e comunicacao (tic);19.51;74.39
473;universidade feevale;ciencias biologicas;36;131;97;ciencias naturais, matematica e estatistica;27.48;74.05
474;universidade feevale;ciencias contabeis;29;207;102;negocios, administracao e direito;14.01;49.28
475;universidade feevale;comunicacao social - publicidade e propaganda;37;173;113;negocios, administracao e direito;21.39;65.32
476;universidade feevale;comercio exterior;16;115;72;negocios, administracao e direito;13.91;62.61
477;universidade feevale;design;33;130;85;artes e humanidades;25.38;65.38
478;universidade feevale;design de interiores;31;93;53;artes e humanidades;33.33;56.99
479;universidade feevale;design grafico;31;54;27;artes e humanidades;57.41;50.0
480;universidade feevale;direito;38;407;217;negocios, administracao e direito;9.34;53.32
481;universidade feevale;educacao fisica;38;267;201;educacao;14.23;75.28
482;universidade feevale;enfermagem;44;180;78;saude e bem-estar;24.44;43.33
483;universidade feevale;engenharia civil;49;340;215;engenharia, producao e construcao;14.41;63.24
484;universidade feevale;engenharia de producao;18;113;77;engenharia, producao e construcao;15.93;68.14
485;universidade feevale;engenharia eletronica;29;70;45;engenharia, producao e construcao;41.43;64.29
486;universidade feevale;engenharia mecanica;41;210;141;engenharia, producao e construcao;19.52;67.14
487;universidade feevale;engenharia quimica;45;165;113;engenharia, producao e construcao;27.27;68.48
488;universidade feevale;estetica e cosmetica;34;132;82;servicos;25.76;62.12
489;universidade feevale;farmacia;50;144;90;saude e bem-estar;34.72;62.5
490;universidade feevale;fisioterapia;22;126;77;saude e bem-estar;17.46;61.11
491;universidade feevale;fotografia;21;73;43;artes e humanidades;28.77;58.9
492;universidade feevale;gastronomia;36;108;59;servicos;33.33;54.63
493;universidade feevale;gestao ambiental;20;49;27;engenharia, producao e construcao;40.82;55.1
494;universidade feevale;gestao da producao industrial;31;79;50;negocios, administracao e direito;39.24;63.29
495;universidade feevale;gestao de recursos humanos;32;82;26;negocios, administracao e direito;39.02;31.71
496;universidade feevale;gestao financeira;16;141;70;negocios, administracao e direito;11.35;49.65
497;universidade feevale;historia;27;60;43;educacao;45.0;71.67
498;universidade feevale;jogos digitais;16;63;41;computacao e tecnologias da informacao e comunicacao (tic);25.4;65.08
499;universidade feevale;jornalismo;26;96;60;ciencias sociais, comunicacao e informacao;27.08;62.5
500;universidade feevale;letras - portugues e ingles;30;66;42;educacao;45.45;63.64
501;universidade feevale;moda;37;167;113;artes e humanidades;22.16;67.66
502;universidade feevale;nutricao;35;119;61;saude e bem-estar;29.41;51.26
503;universidade feevale;pedagogia;34;136;92;educacao;25.0;67.65
504;universidade feevale;psicologia;18;212;130;ciencias sociais, comunicacao e informacao;8.49;61.32
505;universidade feevale;quiropraxia;29;61;27;saude e bem-estar;47.54;44.26
506;universidade feevale;relacoes publicas;21;62;31;negocios, administracao e direito;33.87;50.0
507;universidade feevale;sistemas de informacao;28;91;70;computacao e tecnologias da informacao e comunicacao (tic);30.77;76.92
508;universidade feevale;sistemas para internet;18;60;24;computacao e tecnologias da informacao e comunicacao (tic);30.0;40.0
509;universidade feevale;turismo;26;61;33;servicos;42.62;54.1
510;universidade luterana do brasil;administracao;304;714;419;negocios, administracao e direito;42.58;58.68
511;universidade luterana do brasil;agronegocio;24;33;12;agricultura, silvicultura, pesca e veterinaria;72.73;36.36
512;universidade luterana do brasil;agronomia;26;103;65;agricultura, silvicultura, pesca e veterinaria;25.24;63.11
513;universidade luterana do brasil;analise e desenvolvimento de sistemas;50;97;68;computacao e tecnologias da informacao e comunicacao (tic);51.55;70.1
514;universidade luterana do brasil;arquitetura e urbanismo;67;385;238;engenharia, producao e construcao;17.4;61.82
515;universidade luterana do brasil;artes visuais;5;18;11;educacao;27.78;61.11
516;universidade luterana do brasil;automacao industrial;20;67;62;engenharia, producao e construcao;29.85;92.54
517;universidade luterana do brasil;biomedicina;47;111;64;saude e bem-estar;42.34;57.66
518;universidade luterana do brasil;ciencia da computacao;58;111;83;computacao e tecnologias da informacao e comunicacao (tic);52.25;74.77
519;universidade luterana do brasil;ciencias biologicas;49;109;74;educacao;44.95;67.89
520;universidade luterana do brasil;ciencias contabeis;40;84;42;negocios, administracao e direito;47.62;50.0
521;universidade luterana do brasil;ciencias economicas;6;16;8;ciencias sociais, comunicacao e informacao;37.5;50.0
523;universidade luterana do brasil;comunicacao social - publicidade e propaganda;23;40;25;negocios, administracao e direito;57.5;62.5
524;universidade luterana do brasil;comunicacao social - relacoes publicas;7;13;9;negocios, administracao e direito;53.85;69.23
525;universidade luterana do brasil;danca;18;28;19;educacao;64.29;67.86
526;universidade luterana do brasil;design;47;64;37;artes e humanidades;73.44;57.81
527;universidade luterana do brasil;design de interiores;26;71;41;artes e humanidades;36.62;57.75
528;universidade luterana do brasil;design de moda;42;98;43;artes e humanidades;42.86;43.88
529;universidade luterana do brasil;design grafico;19;27;19;artes e humanidades;70.37;70.37
530;universidade luterana do brasil;direito;226;947;508;negocios, administracao e direito;23.86;53.64
531;universidade luterana do brasil;educacao fisica;262;898;563;educacao;29.18;62.69
533;universidade luterana do brasil;enfermagem;127;309;130;saude e bem-estar;41.1;42.07
534;universidade luterana do brasil;engenharia ambiental e sanitaria;27;63;47;engenharia, producao e construcao;42.86;74.6
535;universidade luterana do brasil;engenharia civil;18;122;81;engenharia, producao e construcao;14.75;66.39
536;universidade luterana do brasil;engenharia de producao;63;227;149;engenharia, producao e construcao;27.75;65.64
537;universidade luterana do brasil;engenharia eletrica;28;81;64;engenharia, producao e construcao;34.57;79.01
538;universidade luterana do brasil;engenharia mecanica;22;171;125;engenharia, producao e construcao;12.87;73.1
539;universidade luterana do brasil;engenharia mecanica automotiva;35;90;78;engenharia, producao e construcao;38.89;86.67
540;universidade luterana do brasil;engenharia quimica;26;66;43;engenharia, producao e construcao;39.39;65.15
541;universidade luterana do brasil;estetica;29;48;28;servicos;60.42;58.33
542;universidade luterana do brasil;estetica e cosmetica;80;181;91;servicos;44.2;50.28
543;universidade luterana do brasil;farmacia;37;74;29;saude e bem-estar;50.0;39.19
544;universidade luterana do brasil;fisioterapia;126;285;123;saude e bem-estar;44.21;43.16
545;universidade luterana do brasil;fonoaudiologia;33;57;23;saude e bem-estar;57.89;40.35
546;universidade luterana do brasil;fotografia;25;74;39;artes e humanidades;33.78;52.7
547;universidade luterana do brasil;fisica;19;56;50;educacao;33.93;89.29
548;universidade luterana do brasil;geografia;34;35;19;educacao;97.14;54.29
549;universidade luterana do brasil;gestao ambiental;30;33;14;engenharia, producao e construcao;90.91;42.42
550;universidade luterana do brasil;gestao comercial;26;38;23;negocios, administracao e direito;68.42;60.53
551;universidade luterana do brasil;gestao da producao industrial;33;69;59;engenharia, producao e construcao;47.83;85.51
552;universidade luterana do brasil;gestao da qualidade;9;42;35;negocios, administracao e direito;21.43;83.33
553;universidade luterana do brasil;gestao de recursos humanos;48;98;47;negocios, administracao e direito;48.98;47.96
554;universidade luterana do brasil;gestao de seguranca privada;25;37;20;servicos;67.57;54.05
555;universidade luterana do brasil;historia;52;69;49;educacao;75.36;71.01
556;universidade luterana do brasil;letras - ingles;31;38;19;educacao;81.58;50.0
557;universidade luterana do brasil;logistica;46;100;57;negocios, administracao e direito;46.0;57.0
558;universidade luterana do brasil;marketing;26;37;16;negocios, administracao e direito;70.27;43.24
559;universidade luterana do brasil;matematica;28;43;31;educacao;65.12;72.09
560;universidade luterana do brasil;medicina;10;119;9;saude e bem-estar;8.4;7.56
561;universidade luterana do brasil;medicina veterinaria;14;151;88;agricultura, silvicultura, pesca e veterinaria;9.27;58.28
562;universidade luterana do brasil;odontologia;45;274;93;saude e bem-estar;16.42;33.94
563;universidade luterana do brasil;pedagogia;133;217;117;educacao;61.29;53.92
564;universidade luterana do brasil;processos gerenciais;22;57;38;negocios, administracao e direito;38.6;66.67
565;universidade luterana do brasil;producao audiovisual;3;21;11;artes e humanidades;14.29;52.38
566;universidade luterana do brasil;psicologia;170;461;269;ciencias sociais, comunicacao e informacao;36.88;58.35
567;universidade luterana do brasil;quimica;27;33;25;educacao;81.82;75.76
568;universidade luterana do brasil;quimica industrial;23;78;52;ciencias naturais, matematica e estatistica;29.49;66.67
569;universidade luterana do brasil;redes de computadores;28;48;31;computacao e tecnologias da informacao e comunicacao (tic);58.33;64.58
570;universidade luterana do brasil;secretariado executivo trilingue;26;35;21;negocios, administracao e direito;74.29;60.0
571;universidade luterana do brasil;servico social;47;76;48;saude e bem-estar;61.84;63.16
572;universidade luterana do brasil;sistemas de informacao;75;125;72;computacao e tecnologias da informacao e comunicacao (tic);60.0;57.6
573;universidade luterana do brasil;teologia;65;71;35;artes e humanidades;91.55;49.3
574;universidade regional do noroeste do estado do rio grande do sul;administracao;6;226;159;negocios, administracao e direito;2.65;70.35
575;universidade regional do noroeste do estado do rio grande do sul;agronomia;5;131;86;agricultura, silvicultura, pesca e veterinaria;3.82;65.65
576;universidade regional do noroeste do estado do rio grande do sul;ciencia da computacao;1;86;67;computacao e tecnologias da informacao e comunicacao (tic);1.16;77.91
577;universidade regional do noroeste do estado do rio grande do sul;ciencias biologicas;7;54;37;educacao;12.96;68.52
578;universidade regional do noroeste do estado do rio grande do sul;ciencias contabeis;2;74;39;negocios, administracao e direito;2.7;52.7
579;universidade regional do noroeste do estado do rio grande do sul;comunicacao social - publicidade e propaganda;4;61;38;negocios, administracao e direito;6.56;62.3
580;universidade regional do noroeste do estado do rio grande do sul;design;1;51;32;artes e humanidades;1.96;62.75
581;universidade regional do noroeste do estado do rio grande do sul;direito;22;497;294;negocios, administracao e direito;4.43;59.15
582;universidade regional do noroeste do estado do rio grande do sul;educacao fisica;11;222;160;educacao;4.95;72.07
583;universidade regional do noroeste do estado do rio grande do sul;engenharia civil;28;428;277;engenharia, producao e construcao;6.54;64.72
584;universidade regional do noroeste do estado do rio grande do sul;engenharia eletrica;22;211;169;engenharia, producao e construcao;10.43;80.09
585;universidade regional do noroeste do estado do rio grande do sul;engenharia mecanica;11;162;129;engenharia, producao e construcao;6.79;79.63
586;universidade regional do noroeste do estado do rio grande do sul;engenharia quimica;5;55;40;engenharia, producao e construcao;9.09;72.73
587;universidade regional do noroeste do estado do rio grande do sul;estetica e cosmetica;5;70;33;servicos;7.14;47.14
588;universidade regional do noroeste do estado do rio grande do sul;farmacia;1;32;18;saude e bem-estar;3.12;56.25
589;universidade regional do noroeste do estado do rio grande do sul;matematica;2;26;21;educacao;7.69;80.77
590;universidade regional do noroeste do estado do rio grande do sul;medicina veterinaria;11;173;97;agricultura, silvicultura, pesca e veterinaria;6.36;56.07
591;universidade regional do noroeste do estado do rio grande do sul;nutricao;5;64;32;saude e bem-estar;7.81;50.0
592;universidade regional do noroeste do estado do rio grande do sul;pedagogia;4;69;37;educacao;5.8;53.62
593;universidade regional do noroeste do estado do rio grande do sul;psicologia;8;166;99;ciencias sociais, comunicacao e informacao;4.82;59.64
594;universidade regional integrada do alto uruguai e das missoes;administracao;68;471;268;negocios, administracao e direito;14.44;56.9
595;universidade regional integrada do alto uruguai e das missoes;agronomia;10;93;28;agricultura, silvicultura, pesca e veterinaria;10.75;30.11
596;universidade regional integrada do alto uruguai e das missoes;agropecuaria;6;77;26;agricultura, silvicultura, pesca e veterinaria;7.79;33.77
597;universidade regional integrada do alto uruguai e das missoes;arquitetura e urbanismo;22;180;99;engenharia, producao e construcao;12.22;55.0
598;universidade regional integrada do alto uruguai e das missoes;ciencia da computacao;35;156;110;computacao e tecnologias da informacao e comunicacao (tic);22.44;70.51
599;universidade regional integrada do alto uruguai e das missoes;ciencias biologicas;47;136;63;educacao;34.56;46.32
600;universidade regional integrada do alto uruguai e das missoes;ciencias contabeis;49;298;140;negocios, administracao e direito;16.44;46.98
601;universidade regional integrada do alto uruguai e das missoes;direito;116;799;384;negocios, administracao e direito;14.52;48.06
602;universidade regional integrada do alto uruguai e das missoes;educacao fisica;43;294;149;educacao;14.63;50.68
603;universidade regional integrada do alto uruguai e das missoes;enfermagem;24;164;72;saude e bem-estar;14.63;43.9
604;universidade regional integrada do alto uruguai e das missoes;engenharia agricola;7;28;19;agricultura, silvicultura, pesca e veterinaria;25.0;67.86
605;universidade regional integrada do alto uruguai e das missoes;engenharia civil;46;360;195;engenharia, producao e construcao;12.78;54.17
606;universidade regional integrada do alto uruguai e das missoes;engenharia de alimentos;10;21;8;engenharia, producao e construcao;47.62;38.1
607;universidade regional integrada do alto uruguai e das missoes;engenharia de producao;4;47;32;engenharia, producao e construcao;8.51;68.09
608;universidade regional integrada do alto uruguai e das missoes;engenharia eletrica;33;254;158;engenharia, producao e construcao;12.99;62.2
609;universidade regional integrada do alto uruguai e das missoes;engenharia mecanica;22;167;119;engenharia, producao e construcao;13.17;71.26
610;universidade regional integrada do alto uruguai e das missoes;engenharia quimica;7;55;39;engenharia, producao e construcao;12.73;70.91
611;universidade regional integrada do alto uruguai e das missoes;farmacia;32;135;68;saude e bem-estar;23.7;50.37
612;universidade regional integrada do alto uruguai e das missoes;fisioterapia;15;69;30;saude e bem-estar;21.74;43.48
613;universidade regional integrada do alto uruguai e das missoes;letras - lingua portuguesa;32;98;28;educacao;32.65;28.57
614;universidade regional integrada do alto uruguai e das missoes;matematica;20;75;51;educacao;26.67;68.0
615;universidade regional integrada do alto uruguai e das missoes;nutricao;18;65;26;saude e bem-estar;27.69;40.0
616;universidade regional integrada do alto uruguai e das missoes;odontologia;5;45;11;saude e bem-estar;11.11;24.44
617;universidade regional integrada do alto uruguai e das missoes;pedagogia;37;137;52;educacao;27.01;37.96
618;universidade regional integrada do alto uruguai e das missoes;psicologia;24;205;98;ciencias sociais, comunicacao e informacao;11.71;47.8
619;universidade regional integrada do alto uruguai e das missoes;quimica;21;42;19;ciencias naturais, matematica e estatistica;50.0;45.24
620;universidade regional integrada do alto uruguai e das missoes;sistemas de informacao;8;42;31;computacao e tecnologias da informacao e comunicacao (tic);19.05;73.81
621;universidade regional integrada do alto uruguai e das missoes;teologia;1;7;4;artes e humanidades;14.29;57.14
